canonical_smiles,IC50
Brc1cnn2c(NCc3ccncc3)cc(-c3ccccc3)nc12,24.5
C#CCOc1nc(Nc2ccc(S(C)(=O)=O)cc2)ncc1C(F)(F)F,25.0
C#CCS(=O)(=O)c1ccc(Nc2ncc(C(F)(F)F)c(O[C@H](C)C(C)(C)O)n2)cc1,43.0
C/C(=C1/SC(=N)NC1=O)c1ccc(-c2ccc(S(N)(=O)=O)cc2)o1,30.0
C/C(Nc1ccc(S(N)(=O)=O)cc1)=C1/C(=O)Nc2ccc(-c3cnco3)cc21,2.0
C/C(Nc1ccc(S(N)(=O)=O)cc1)=C1/C(=O)Nc2ccc(Cl)cc21,22.0
C/C(Nc1ccc(S(N)(=O)=O)cc1)=C1/C(=O)Nc2ccccc21,360.0
C1=C/COCc2cc(ccc2OCCN2CCCC2)Nc2nccc(n2)-c2ccnc(c2)OCC/1,270.0
C1=C/COCc2ccc(o2)-c2ccnc(n2)Nc2cccc(c2)COC/1,680.0
C1=C/COCc2cncc(c2)-c2ccnc(n2)Nc2cccc(c2)COC/1,200.0
C1=C/Cn2ccc3ccc(cc32)-c2ccnc(n2)Nc2ccc(OCCN3CCCC3)c(c2)COC/1,230.0
C1=C/Cn2ccc3ccc(cc32)-c2ccnc(n2)Nc2cccc(c2)COC/1,83.0
C=C(c1ccc2nc(N)c(C(=O)c3c(F)cccc3F)n2c1)c1c(F)cccc1F,63.0
C=CC(=O)N1CCC(C(=O)Nc2ncc(SCc3ncc(C(C)(C)C)o3)s2)CC1,10.8
C=CC(=O)N1CCc2cc(S(=O)(=O)N3CCCC(Nc4ncc(SCc5ncc(C(C)(C)C)o5)s4)C3)ccc21,124.0
C=CC(=O)NC1CCC(C(=O)N2CCCC(Nc3ncc(SCc4ncc(C(C)(C)C)o4)s3)C2)CC1,185.0
C=CC(=O)NC1CCN(C(=O)N2CCCC(Nc3ncc(SCc4ncc(C(C)(C)C)o4)s3)C2)CC1,174.0
C=CC(=O)Nc1ccc(C(=O)N2CCCC(C(=O)Nc3ncc(SCc4ncc(C(C)(C)C)o4)s3)C2)cc1,11.0
C=CC(=O)Nc1ccc(C(=O)N2CCCC(Nc3ncc(/C=C/c4ncc(C(C)(C)C)o4)s3)C2)cc1,22.9
C=CC(=O)Nc1ccc(C(=O)N2CCCC(Nc3ncc(SCc4ncc(C(C)(C)C)o4)s3)C2)c(OC)c1,126.0
C=CC(=O)Nc1ccc(C(=O)N2CCCC(Nc3ncc(SCc4ncc(C(C)(C)C)o4)s3)C2)cc1,108.0
C=CC(=O)Nc1ccc(C(=O)N2CC[C@@H](Nc3ncc(SCc4ncc(C(C)(C)C)o4)s3)C2)cc1,9.86
C=CC(=O)Nc1ccc(C(=O)Nc2cccc(C(=O)Nc3ncc(SCc4ncc(C(C)(C)C)o4)s3)c2)cc1,162.0
C=CC(=O)Nc1ccc(C(=O)Nc2n[nH]c3ccc(-c4cncc(NC(=O)[C@@H](N)Cc5ccccc5)c4)cc23)cc1,477.0
C=CC(=O)Nc1ccc(C(=O)Nc2n[nH]c3ccc(-c4cncc(NC[C@@H](O)c5ccccc5)c4)cc23)cc1,823.0
C=CC(=O)Nc1ccc(C(=O)Nc2n[nH]c3ccc(-c4cncc(NC[C@H](O)c5ccccc5)c4)cc23)cc1,918.0
C=CC(=O)Nc1ccc(C(=O)Nc2n[nH]c3ccc(-c4cncc(N[C@H](CO)Cc5ccccc5)c4)cc23)cc1,595.0
C=CC(=O)Nc1ccc(C(=O)Nc2n[nH]c3ccc(-c4cncc(N[C@H](CO)c5ccccc5)c4)cc23)cc1,756.0
C=CC(=O)Nc1ccc(O[C@@H]2CCC[C@@H](Nc3ncc(SCc4ncc(C(C)(C)C)o4)s3)C2)c(C(F)(F)F)c1,251.0
C=CC(=O)Nc1ccc(O[C@@H]2CCC[C@@H](Nc3ncc(SCc4ncc(C(C)(C)C)o4)s3)C2)cc1,334.0
C=CC(=O)Nc1ccc(S(=O)(=O)N2CCCC(Nc3ncc(SCc4ncc(C(C)(C)C)o4)s3)C2)cc1,264.0
C=CC(=O)Nc1cccc(C(=O)N2CCCC(Nc3ncc(SCc4ncc(C(C)(C)C)o4)s3)C2)c1,312.0
C=CC(=O)Nc1cccc(C(=O)Nc2ncc(SCc3ncc(C(C)(C)C)o3)s2)c1,58.8
C=CCOc1nc(Nc2ccc(S(C)(=O)=O)cc2)ncc1C(F)(F)F,49.0
C=CCS(=O)(=O)c1ccc(Nc2ncc(C(F)(F)F)c(O[C@H](C)C(C)(C)O)n2)cc1,11.0
C=CS(=O)(=O)c1ccc(Nc2nc(OCC3CCCCC3)c3nc[nH]c3n2)cc1,160.0
CC(=O)N(c1ccc(-c2cnn(C)c2)cc1)C1CCC(Nc2ccc(C#N)cn2)CC1,470.0
CC(=O)N1CCC(n2cc(Nc3ncc(Cl)c(-c4cnc5ccccn45)n3)c(C)n2)CC1,135.0
CC(=O)N1CCC(n2cc(Nc3ncc(Cl)c(-c4cnc5ccccn45)n3)cn2)CC1,25.0
CC(=O)N1CCC(n2cc(Nc3ncc(Cl)c(-c4cnn5ccccc45)n3)c(C)n2)CC1,63.0
CC(=O)N1CCC(n2ncc(Nc3ncc(Cl)c(-c4cnc5ccccn45)n3)c2C)CC1,232.0
CC(=O)N1CCC(n2ncc(Nc3ncc(Cl)c(-c4cnn5ccccc45)n3)c2C)CC1,254.0
CC(=O)N1CCN(C(=O)c2cc(Sc3cnc(Nc4cccc(Br)n4)s3)ccc2C)CC1,490.0
CC(=O)N1CCN(c2ccc(Nc3nccc(-c4cnc5ccccn45)n3)cc2)CC1,78.0
CC(=O)NC1CN(c2ccc(Nc3ncc(F)c(-c4cnc(C)n4C(C)C)n3)cc2)C1,0.5
CC(=O)NCC(=O)N1CCC(Nc2ncc(Cl)c(-c3c[nH]c4ccccc34)n2)CC1,551.0
CC(=O)NCCNc1cc(-c2ccc[nH]2)c2c3c(ccc(F)c13)NC2=O,127.0
CC(=O)NS(=O)(=O)c1ccc(N/C=C2\C(=O)Nc3ccc4ncsc4c32)cc1,75.0
CC(=O)Nc1c[nH]nc1-c1nc2ccccc2[nH]1,990.0
CC(=O)Nc1c[nH]nc1C(=O)Nc1ccc(F)cc1,850.0
CC(=O)Nc1ccc(C(C)C(=O)Nc2ncc(C(C)C)s2)cc1,31.0
CC(=O)c1c(C)c2cnc(Nc3ccc(N4CCNCC4)cc3)nc2n(C2CCCC2)c1=O,230.0
CC(=O)c1c(C)c2cnc(Nc3ccc(N4CCNCC4)cn3)nc2n(C2CCCC2)c1=O,10.0
CC(C)(C)CCN1CCN(c2ccc(Nc3ncc4cc5n(c4n3)C3(CCCC3)CNC5=O)nc2)CC1,189.15
CC(C)(C)CCN1CCN(c2ccc(Nc3ncc4cc5n(c4n3)C3(CCCC3)CNC5=O)nc2)CC1(C)C,457.0
CC(C)(C)Nc1nc(C(F)(F)F)nc2ccc(-c3cccc(N)c3)cc12,600.0
CC(C)(C)Nc1nc(C(F)(F)F)nc2ccc(Nc3ccccc3)cc12,600.0
CC(C)(C)c1cc(NCc2ccncc2)n2ncc(Br)c2n1,170.0
CC(C)(C)c1ccc(C(=O)Nc2cn3cc(-n4ccnc4)ccc3n2)cc1,154.88
CC(C)(C)c1ccc(Nc2nccc(-c3cnn4ncccc34)n2)cc1,158.49
CC(C)(C)c1cnc(CSc2cnc(N)s2)o1,690.0
CC(C)(C)c1cnc(CSc2cnc(NC(=O)C3CCCNC3)s2)o1,20.0
CC(C)(C)c1cnc(CSc2cnc(NC(=O)C3CCNCC3)s2)o1,43.6
CC(C)(C)c1cnc(CSc2cnc(NC3CCCC(N)C3)s2)o1,158.0
CC(C)(C)c1cnc(CSc2cnc(NC3CCCC(O)C3)s2)o1,28.0
CC(C)(C)c1cnc(CSc2cnc(NC3CCCCC3)s2)o1,9.0
CC(C)(C)c1cnc(CSc2cnc(NC3CCNCC3)s2)o1,538.0
CC(C)(C)c1cnc(CSc2cnc(NCC3CCCCC3)s2)o1,168.0
CC(C)(C)c1cnc(CSc2cnc(NCC3CCNCC3)s2)o1,229.0
CC(C)(C)c1cnc(CSc2cnc(N[C@H]3CC[C@@H](N)CC3)s2)o1,503.0
CC(C)(C)c1cnc(CSc2cnc(N[C@H]3CC[C@H](N)CC3)s2)o1,20.0
CC(C)(C)c1cnc(CSc2cnc(N[C@H]3CC[C@H](O)CC3)s2)o1,7.0
CC(C)(C)c1coc(CSc2cnc(NC(=O)C3CCNCC3)s2)n1,48.0
CC(C)(C)n1nc(-c2cccc3ccccc23)c2c(N)ncnc21,15.0
CC(C)(C)n1nc(Cc2cccc3ccccc23)c2c(N)ncnc21,5.0
CC(C)(CO)CNC(=O)c1ccc2c(c1)/C(=N/Nc1ccc(S(N)(=O)=O)cc1)C(=O)N2,6.8
CC(C)(N)CNc1cc(-c2ccc[nH]2)c2c3c(ccc(F)c13)NC2=O,65.0
CC(C)(O)CN1CCN(c2ccc(Nc3ncc4cc5n(c4n3)C3(CCCC3)CNC5=O)nc2)CC1,943.0
CC(C)(O)CSc1nc(Nc2ccc(S(C)(=N)=O)cc2)ncc1Br,8.0
CC(C)=Cc1cccc2c1/C(=N/Nc1ccc(S(N)(=O)=O)cc1)C(=O)N2,1.5
CC(C)C(CO)Nc1nc(NCc2cccc(O)c2)c2ncn(C(C)C)c2n1,30.0
CC(C)C1CC(C(=O)Nc2ncc(SCc3ncc(C(C)(C)C)o3)s2)CCN1,17.0
CC(C)C1CN(c2ccc(Nc3ncc4cc5n(c4n3)C3(CCCCC3)CNC5=O)nc2)CCN1,449.5
CC(C)CC(=O)Nc1n[nH]c2c1CN(C(=O)C1CCN(C)CC1)C2(C)C,8.0
CC(C)CC(=O)c1ccc2c(c1)/C(=C/Nc1ccc(S(N)(=O)=O)cc1)C(=O)N2,1.9
CC(C)COC(=O)c1ccc2c(c1)/C(=C/Nc1ccc(S(N)(=O)=O)cc1)C(=O)N2,3.0
CC(C)Cc1cc(-c2ccc[nH]2)c2c3c(ccc(F)c13)NC2=O,124.0
CC(C)Cc1cccc2c1/C(=N/Nc1ccc(S(N)(=O)=O)cc1)C(=O)N2,1.2
CC(C)N1CCN(C(=O)c2ccc(Nc3ncc4cc5n(c4n3)C3(CCCCC3)CNC5=O)nc2)CC1,303.0
CC(C)N1CCN(c2ccc(Nc3ncc4cc5n(c4n3)C3(CCCCC3)CNC5=O)nc2)CC1,2.545
CC(C)N1CCN(c2ccc(Nc3ncc4cc5n(c4n3)C3(CCCCC3)CNC5=O)nn2)CC1,596.0
CC(C)N1c2cc(Nc3nccc(-c4cncc5ccccc45)n3)ccc2N(C)C(=O)[C@H]1C,168.9
CC(C)NC(=O)O[C@@H]1CC[C@H](c2cc(NC(=O)Cc3ccccc3)n[nH]2)C1,100.0
CC(C)NC(=O)O[C@@H]1CC[C@H](c2cc(NC(=O)Cc3ccccc3S(C)(=O)=O)n[nH]2)C1,100.0
CC(C)NC(=O)O[C@H]1CC[C@@H](c2cc(NC(=O)c3ccnn3C)n[nH]2)C1,100.0
CC(C)NS(=O)(=O)c1ccc2c(c1)/C(=C/c1[nH]cc3c1CCOC3=O)C(=O)N2,64.0
CC(C)Nc1cc(N[C@H]2CC[C@H](N)CC2)nc2c(C#N)cnn12,30.0
CC(C)Nc1nc(Nc2ccc(S(C)(=N)=O)cc2)ncc1Br,16.0
CC(C)Oc1ccc2c(-c3ccnc(Nc4ccc(N5CCN(C)CC5)cc4)n3)cnn2n1,230.0
CC(C)Oc1cccc2c1/C(=N/Nc1ccc(S(N)(=O)=O)cc1)C(=O)N2,3.4
CC(C)S(=O)(=O)c1ccc(Nc2ncc(C(F)(F)F)c(O[C@H](C)[C@@H](C)O)n2)cc1,6.0
CC(C)[C@H](CO)Nc1nc(Nc2ccc(C(=O)O)c(Cl)c2)c2ncn(C(C)C)c2n1,7.5
CC(C)[C@H](CO)Nc1nc(Nc2cccc(Cl)c2)c2ncn(C(C)C)c2n1,42.166666666666664
CC(C)c1c2cc(-c3ccnc(N[C@H]4CC[C@H](NC5CCOCC5)CC4)n3)ccc2nn1C,400.0
CC(C)c1cc(-c2cc(N3C[C@H](O)[C@@H](O)C3)ccc2O)nc(N)n1,68.0
CC(C)c1cc(NC(=O)c2ccc(Br)cc2)n[nH]1,199.995
CC(C)c1cc(NCc2ccncc2)n2ncc(Br)c2n1,42.0
CC(C)c1ccc(Nc2nccc(-c3cnn4ncccc34)n2)cc1,40.0
CC(C)c1ccc2c(c1)NC(=O)/C2=N/Nc1ccc(S(N)(=O)=O)cc1,75.0
CC(C)c1cccc2c1/C(=N/Nc1ccc(S(N)(=O)=O)cc1)C(=O)N2,2.5
CC(C)c1cnn2c(NCc3ccc(Cl)cc3)nc(N[C@@H](CO)C(C)C)nc12,60.0
CC(C)c1cnn2c(NCc3ccccc3)cc(NCCCCCCN)nc12,890.0
CC(C)c1cnn2c(NCc3ccccc3)cc(NC[C@H]3CCNC[C@@H]3O)nc12,620.0
CC(C)c1cnn2c(NCc3ccccc3)cc(N[C@@H](CO)[C@@H](O)CO)nc12,3.0
CC(C)c1cnn2c(NCc3ccccc3)cc(N[C@@H](CO)[C@H](O)CO)nc12,3.0
CC(C)c1cnn2c(NCc3ccccc3-n3cccn3)nc(OC3CCCNC3)nc12,6.4
CC(C)c1cnn2c(Nc3ccc(S(=O)(=O)N(C)C)cc3)cc(N[C@H]3CC[C@H](N)CC3)nc12,59.0
CC(C)c1cnn2c(Nc3ccc(S(=O)(=O)N(C)C)cc3)cc(O[C@H]3CC[C@H](N)CC3)nc12,17.0
CC(C)n1cc(-c2ccnc3[nH]c(C4CCN(CC(=O)N(C)C)CC4)cc23)ccc1=O,350.0
CC(C)n1cc(-c2ccnc3[nH]c(C4CCN(CC(=O)N5CCCC5)CC4)cc23)ccc1=O,760.0
CC(C)n1cc(-c2ccnc3[nH]c(C4CCN(CC(=O)N5CCCCC5)CC4)cc23)ccc1=O,720.0
CC(C)n1cnc2c(NC3CCCC3)nc(NCCCO)nc21,900.0
CC(C)n1cnc2c(NCc3ccccc3)nc(NCCCO)nc21,800.0
CC(C)n1cnc2c(NCc3ccccc3)nc(NC[C@@H](C)O)nc21,200.0
CC(C)n1cnc2c(NCc3ccccc3O)nc(NCCCO)nc21,80.0
CC(C)n1cnc2c(NCc3cccnc3)nc(NCC(O)C(F)(F)F)nc21,570.0
CC(C)n1cnc2c(NCc3cccnc3)nc(NC[C@@H](C)O)nc21,290.0
CC(C)n1cnnc1-c1cccc(N2Cc3ccccc3C2=O)n1,63.1
CC(CO)Sc1nc(Nc2ccc(S(C)(=N)=O)cc2)ncc1Br,4.0
CC(O)C(C)Sc1nc(Nc2ccc(S(C)(=N)=O)cc2)ncc1Br,8.0
CC(O)CSc1nc(Nc2ccc(S(C)(=N)=O)cc2)ncc1Br,41.0
CC(Sc1nc(Nc2ccc(S(C)(=N)=O)cc2)ncc1Br)C(C)(C)O,11.0
CC/C=N/c1c(C#N)c2n(c1C(=O)Nc1ccccc1)CCC2,580.0
CC1(C)C(=O)N([C@H]2CCc3c(O)cccc32)c2nc(Nc3ccccc3)ncc21,605.0
CC1(C)CN(c2ccc(Nc3ncc4cc5n(c4n3)C3(CCCCC3)CNC5=O)nc2)CCN1C1CC1,502.0
CC1(C)CN(c2ccc(Nc3ncc4cc5n(c4n3)C3(CCCCC3)CNC5=O)nc2)CCN1CC1CC1,377.0
CC1CC(C(=O)Nc2ncc(SCc3ncc(C(C)(C)C)o3)s2)CCN1,15.0
CC1CCC(C(=O)Nc2ncc(SCc3ncc(C(C)(C)C)o3)s2)CN1,14.0
CC1CCN(C2CCN(c3ccc(Nc4ncc5cc6n(c5n4)C4(CCCCC4)CNC6=O)nc3)CC2)C1,738.0
CC1CN(c2ccc(Nc3ncc4cc5n(c4n3)C3(CCCCC3)CNC5=O)nc2)CC(C)N1CC1CC1,570.0
CC1CN(c2ccc(Nc3ncc4cc5n(c4n3)C3(CCCCC3)CNC5=O)nc2)CCN1CC(C)(C)O,539.0
CC1CN(c2ccc(Nc3ncc4cc5n(c4n3)C3(CCCCC3)CNC5=O)nc2)CCN1CCC(C)(C)C,646.0
CC1CNCC(C(=O)Nc2ncc(SCc3ncc(C(C)(C)C)o3)s2)C1,140.0
CC1NCCCC1C(=O)Nc1ncc(SCc2ncc(C(C)(C)C)o2)s1,95.0
CCC(C)Sc1nc(Nc2ccc(S(C)(=N)=O)cc2)ncc1Br,33.0
CCC(CC)c1cc(N[C@H]2CC[C@H](N)C2)n2nccc2n1,396.0
CCC(CO)Sc1nc(Nc2ccc(S(C)(=N)=O)cc2)ncc1Br,16.0
CCC(Nc1nc(NCc2cccnc2)c2ncn(C(C)C)c2n1)C(O)C(F)(F)F,90.0
CCC(O)[C@@H](CC)Nc1nc(NCc2cccnc2)c2ncn(C(C)C)c2n1,220.0
CCC(O)[C@H](CC)Nc1nc(NCc2cccnc2)c2ncn(C(C)C)c2n1,110.0
CCC(Sc1nc(Nc2ccc(S(C)(=N)=O)cc2)ncc1Br)C(C)(C)O,27.0
CCC(Sc1nc(Nc2ccc(S(C)(=N)=O)cc2)ncc1Br)C(C)O,18.0
CCC1CC(C(=O)Nc2ncc(SCc3ncc(C(C)(C)C)o3)s2)CCN1,3.0
CCC1SCC(=O)N1c1c(C#N)c2n(c1C(=O)Nc1ccccc1)CCC2,630.0
CCCC(=O)Nc1cc(C2CC2)[nH]n1,223.935
CCCCCCc1cc(-c2cc(N3C[C@H](O)[C@@H](O)C3)ccc2O)nc(N)n1,450.0
CCCCOc1c(C(=O)c2c(F)cc(C)cc2F)ccc2[nH]ncc12,6.0
CCCCOc1c(C(=O)c2c(F)cc(F)cc2F)c[nH]c2nncc1-2,50.0
CCCCOc1c(C(=O)c2ccccc2)cnc2[nH]ncc12,110.0
CCCCOc1cc(Nc2ccc(S(N)(=O)=O)cc2)nc(N)c1C(=O)c1c(F)cccc1F,84.0
CCCN(C)[C@H]1CCN(C(=O)c2ccc(Nc3nccc(-c4cnc(C)n4C(C)C)n3)cc2)C1,4.0
CCCOc1ccc(CN/C=C2\C(=O)NC(=O)c3ccc(I)cc32)nc1O,700.0
CCCOc1cnc(CN/C=C2\C(=O)NC(=O)c3ccc(C(C)(C)C)cc32)cc1O,960.0
CCCS(=O)(=O)c1ccc(Nc2nccc(-c3cnc(C)n3C(C)C)n2)cc1,8.0
CCCc1cc(NC(=O)c2ccc(Br)cc2)n[nH]1,650.065
CCCc1cnc(NC(=O)[C@@H](C)c2ccc(NC(C)=O)cc2)s1,31.0
CCCn1cc(/C=N/N=C2\C(=O)Nc3ccc(C)cc32)c2ccccc21,850.0
CCN(CC)C(=O)c1ccc(Nc2nc(OCC3CCCCC3)c3nc[nH]c3n2)cc1,400.0
CCN(CC)C1CCN(C(=O)c2ccc(Nc3ncc4cc5n(c4n3)C3(CCCCC3)CNC5=O)nc2)C1,288.0
CCN(CC)C1CCN(C2CCN(c3ccc(Nc4ncc5cc6n(c5n4)C4(CCCCC4)CNC6=O)nc3)CC2)C1,693.0
CCN(CC)C1CCN(c2ccc(Nc3ncc4cc5n(c4n3)C3(CCCCC3)CNC5=O)nc2)CC1,755.0
CCN(CC)CCNC(=O)c1cccc(Nc2nccc(-c3cnn4ncccc34)n2)c1,40.0
CCN(CC)CCNc1cc(-c2ccc[nH]2)c2c3c(ccc(F)c13)NC2=O,294.0
CCN(CC)Cc1cccc(Nc2nccc(-c3cnn4ncccc34)n2)c1,50.0
CCN(CC)S(=O)(=O)c1cccc(Nc2nccc(-c3ccnc(-c4ccc(NC(=O)NC)cc4)c3)n2)c1,560.0
CCN(CC)[C@H]1CC[C@H](Nc2cc(Nc3ccc(S(=O)(=O)N(C)C)cc3)n3ncc(C(C)C)c3n2)CC1,92.0
CCN(CC)c1cc(Nc2ccc(S(N)(=O)=O)cc2)n2ncnc2n1,400.0
CCN(CC)c1ccc(CC(=O)Nc2n[nH]c3ccc(N4CCCS4(=O)=O)cc23)cc1,40.0
CCN(CC)c1ccc2[nH]nc(NC(=O)Cc3ccccc3)c2c1,200.0
CCN1CCN(CCCC(=O)Nc2n[nH]c3nc(-c4ccc(O)cc4)c(Br)cc23)CC1,60.0
CCNC(=O)N1CCC(Nc2ncc(C#N)c(-c3c[nH]c4cc(F)ccc34)n2)CC1,412.0
CCNC(=O)N1CCC(Nc2ncc(Cl)c(-c3cnc4ccccn34)n2)CC1,605.0
CCNC(=O)N1CCC[C@H](Nc2ncc(Cl)c(-c3c[nH]c4ccccc34)n2)C1,555.0
CCN[C@H]1CC[C@H](Nc2cc(Nc3ccc(S(=O)(=O)N(C)C)cc3)n3ncc(C(C)C)c3n2)CC1,61.0
CCNc1ccc2[nH]nc(NC(=O)Cc3ccccc3)c2c1,500.0
CCOC(=O)CCC(=O)NS(=O)(=O)c1ccc(Nc2nc(N)n(C(=O)c3c(F)cccc3F)n2)cc1,62.0
CCOC(=O)N=S(=O)(CC)c1ccc(Nc2ncc(Br)c(N[C@@H](COC)[C@H](C)O)n2)cc1,51.0
CCOC(=O)N=S(=O)(CC)c1ccc(Nc2ncc(Br)c(N[C@H](C)C(C)(C)O)n2)cc1,42.0
CCOC(=O)N=S(=O)(CC)c1ccc(Nc2ncc(Br)c(N[C@H](C)[C@H](C)O)n2)cc1,11.0
CCOC(=O)N=S(=O)(CC)c1ccc(Nc2ncc(Br)c(O[C@H](C)[C@H](C)O)n2)cc1,19.0
CCOC(=O)N=S(C)(=O)Cc1cc(F)cc(Nc2ncc(F)c(-c3ccc(F)cc3OC)n2)c1,560.0
CCOC(=O)N=S(C)(=O)Cc1cccc(Nc2ncc(F)c(-c3ccc(F)cc3OC)n2)c1,780.0
CCOC(=O)N=S(C)(=O)Cc1cccc(Nc2ncc(F)c(-c3cccc4c3OCC4)n2)c1,350.0
CCOC(=O)N=S(C)(=O)Cc1cccc(Nc2ncc(F)c(-c3cccc4c3OCCC4)n2)c1,330.0
CCOC(=O)N=S(C)(=O)c1ccc(Nc2ncc(Br)c(N[C@@H](COC)[C@H](C)O)n2)cc1,28.0
CCOC(=O)N=S(C)(=O)c1ccc(Nc2ncc(Br)c(N[C@H](C)C(C)(C)O)n2)cc1,9.0
CCOC(=O)N=S(C)(=O)c1ccc(Nc2ncc(Br)c(N[C@H](C)C(C)(C)O)n2)cc1C,48.0
CCOC(=O)N=S(C)(=O)c1ccc(Nc2ncc(Br)c(N[C@H](C)[C@H](C)O)n2)cc1,12.0
CCOC(=O)N=S(C)(=O)c1ccc(Nc2ncc(Br)c(N[C@H](C)[C@H](C)O)n2)cc1C,78.0
CCOC(=O)N=S(C)(=O)c1ccc(Nc2ncc(Br)c(O[C@H](C)[C@H](C)O)n2)cc1,14.0
CCOC(=O)c1cccc2c1/C(=C/Nc1ccc(S(N)(=O)=O)cc1)C(=O)N2,8.9
CCOCCN1CCN(c2ccc(Nc3ncc4cc5n(c4n3)C3(CCCC3)CNC5=O)nc2)CC1,990.0
CCOc1cc(-c2ccc[nH]2)c2c3c(ccc(F)c13)NC2=O,77.0
CCOc1cc(F)ccc1-c1nc(Nc2cc(F)cc(CS(C)(=N)=O)c2)ncc1F,336.6666666666667
CCOc1cc(F)ccc1-c1nc(Nc2cc(F)cc(CS(C)(=O)=NC#N)c2)ncc1F,290.0
CCOc1cccc2c1/C(=N/Nc1ccc(S(N)(=O)=O)cc1)C(=O)N2,93.0
CCOc1nc(Nc2ccc(S(=N)(=O)CC)cc2)ncc1Br,63.0
CCOc1nn(C2CCN(C(C)=O)CC2)cc1Nc1ncc(Cl)c(-c2cnn3ccccc23)n1,545.0
CCS(=N)(=O)Cc1cc(F)cc(Nc2ncc(F)c(-c3ccc(F)cc3OC)n2)c1,253.33333333333334
CCS(=N)(=O)Cc1cccc(Nc2ncc(F)c(-c3ccc(F)cc3OC)n2)c1,380.0
CCS(=N)(=O)c1ccc(Nc2ncc(Br)c(N[C@@H](C)C(C)(C)O)n2)cc1,24.0
CCS(=N)(=O)c1ccc(Nc2ncc(Br)c(N[C@@H](C)[C@H](C)O)n2)cc1,4.0
CCS(=N)(=O)c1ccc(Nc2ncc(Br)c(N[C@@H](COC)[C@H](C)O)n2)cc1,9.0
CCS(=N)(=O)c1ccc(Nc2ncc(Br)c(N[C@H](C)C(C)(C)O)n2)cc1,16.0
CCS(=N)(=O)c1ccc(Nc2ncc(Br)c(N[C@H](C)[C@H](C)O)n2)cc1,4.0
CCS(=N)(=O)c1ccc(Nc2ncc(Br)c(N[C@H](COC)[C@@H](C)O)n2)cc1,9.0
CCS(=N)(=O)c1ccc(Nc2ncc(Br)c(N[C@H](COC)[C@H](C)O)n2)cc1,7.0
CCS(=O)(Cc1cc(F)cc(Nc2ncc(F)c(-c3ccc(F)cc3OC)n2)c1)=NC#N,160.0
CCS(=O)(Cc1cccc(Nc2ncc(F)c(-c3ccc(F)cc3OC)n2)c1)=NC#N,170.0
CC[C@@H](C)Oc1nc(Nc2ccc(S(N)(=O)=O)cc2)nc(N)c1C=O,0.8
CC[C@@H](CO)Nc1nc(NCc2ccccc2)c2ncn(C(C)C)c2n1,400.0
CC[C@@H](NC(=O)N1CCc2cnc(NC3CCOCC3)nc2C1)c1ccc(C#N)c(Cl)c1,2.0
CC[C@@H](NC(=O)N1CCc2cnc(N[C@@H](C)CO)nc2C1)c1ccc(Cl)c(Cl)c1,12.0
CC[C@@H](NC(=O)N1CCc2cnc(N[C@@H](C)CO)nc2C1)c1ccc(F)c(F)c1,13.0
CC[C@@H](NC(=O)N1CCc2cnc(N[C@@H](C)CO)nc2C1)c1ccc(OC)c(Cl)c1,71.0
CC[C@@H](Nc1nc(NCc2cccnc2)c2ncn(C(C)C)c2n1)C(C)(C)O,200.0
CC[C@@H](Nc1nc(NCc2cccnc2)c2ncn(C(C)C)c2n1)C(O)C(C)C,690.0
CC[C@@H](Nc1nc(NCc2cccnc2)c2ncn(C(C)C)c2n1)[C@H](C)O,90.0
CC[C@@H](Nc1nc(NCc2cnc(C)cc2C)c2ncn(C(C)C)c2n1)[C@H](C)O,5.0
CC[C@H](CO)Nc1nc(NCc2ccccc2)c2ncc(C(C)C)n2n1,220.0
CC[C@H](CO)Nc1nc(NCc2ccccc2)c2ncn(C(C)C)c2n1,390.0411764705882
CC[C@H](CO)Nc1nc(NCc2ccccc2)n2ncc(C(C)C)c2n1,40.0
CC[C@H](Nc1nc(NC2CC2)c2ncn(C(C)C)c2n1)[C@@H](C)O,50.0
CC[C@H](Nc1nc(NC2CCC2)c2ncn(C(C)C)c2n1)[C@@H](C)O,160.0
CC[C@H](Nc1nc(NCC2CC2)c2ncn(C(C)C)c2n1)[C@@H](C)O,40.0
CC[C@H](Nc1nc(NCc2cc(C)nc(C)c2)c2ncn(C(C)C)c2n1)[C@@H](C)O,50.0
CC[C@H](Nc1nc(NCc2ccc(C(F)(F)F)nc2)c2ncn(C(C)C)c2n1)[C@@H](C)O,40.0
CC[C@H](Nc1nc(NCc2ccc(C)nc2)c2ncn(C(C)C)c2n1)[C@@H](C)O,520.0
CC[C@H](Nc1nc(NCc2cccc(C)n2)c2ncn(C(C)C)c2n1)[C@@H](C)O,50.0
CC[C@H](Nc1nc(NCc2cccc(Cl)c2)c2ncn(C(C)C)c2n1)[C@@H](C)O,55.0
CC[C@H](Nc1nc(NCc2cccc(F)c2)c2ncn(C(C)C)c2n1)[C@@H](C)O,70.0
CC[C@H](Nc1nc(NCc2ccccc2)c2ncn(C(C)C)c2n1)[C@@H](C)O,5.0
CC[C@H](Nc1nc(NCc2cccnc2)c2ncn(C(C)C)c2n1)C(C)(C)O,70.0
CC[C@H](Nc1nc(NCc2cccnc2)c2ncn(C(C)C)c2n1)C(O)C(C)(C)C,390.0
CC[C@H](Nc1nc(NCc2cccnc2)c2ncn(C(C)C)c2n1)[C@@H](C)O,70.0
CC[C@H](Nc1nc(NCc2cccnc2)c2ncn(CC3CC3)c2n1)[C@@H](C)O,830.0
CC[C@H](Nc1nc(NCc2ccncc2)c2ncn(C(C)C)c2n1)[C@@H](C)O,40.0
CC[C@H](Nc1nc(NCc2cnc(C)cc2C)c2ncn(C(C)C)c2n1)[C@@H](C)O,38.333333333333336
CC[C@H](Nc1nc(NCc2ncccc2C)c2ncn(C(C)C)c2n1)[C@@H](C)O,770.0
CCc1c(C(=O)NCCc2ccc(N3CCCCC3)cc2)[nH]c2ccc(C)cc12,33.0
CCc1c(C(=O)NCCc2ccc(N3CCOCC3)cc2)[nH]c2ccc(C(F)(F)F)cc12,24.0
CCc1c(C(=O)NCCc2ccc(N3CCOCC3)cc2)[nH]c2ccc(C)cc12,16.0
CCc1c(C(=O)NCCc2ccccc2)[nH]c2ccc(C)cc12,46.0
CCc1c(Nc2ncc(Cl)c(-c3cnn4ccccc34)n2)cnn1C1CCN(C(C)=O)CC1,832.0
CCc1cc(-c2cc(N3C[C@H](O)[C@@H](O)C3)ccc2O)nc(N)n1,50.0
CCc1cc(-c2ccc[nH]2)c2c3c(ccc(F)c13)NC2=O,72.0
CCc1cc(NC(=O)c2ccc(Br)cc2)n[nH]1,629.755
CCc1ccc2c(c1)NC(=O)/C2=N\Nc1ccc(S(N)(=O)=O)cc1,21.0
CCc1cccc2c1/C(=N/Nc1ccc(S(N)(=O)=O)cc1)C(=O)N2,7.900000000000001
CCc1cnn2c(NCc3ccc[n+]([O-])c3)cc(C3CCCC[C@H]3CCO)nc12,1.0
CCc1cnn2c(NCc3ccc[n+]([O-])c3)cc(N3CCCC[C@@H]3CCO)nc12,1.0
CCc1cnn2c(NCc3ccc[n+]([O-])c3)cc(N3CCCC[C@H]3CCO)nc12,2.75
CCc1nn(C2CCN(C(C)=O)CC2)cc1Nc1ncc(Cl)c(-c2cnn3ccccc23)n1,113.0
CCn1c(-c2ccnc(Nc3ccc(C(=O)NC)cc3)n2)cnc1C,56.0
CCn1c(-c2ccnc(Nc3ccc(S(=O)(=O)NCCOC)cc3)n2)cnc1C,4.0
CCn1c(-c2ccnc(Nc3ccc(S(C)(=O)=O)cc3)n2)cnc1C,23.0
CCn1c(-c2nonc2N)nc2cnccc21,169.0
CCn1cnc2c(NCc3nc4ccc(F)c(F)c4[nH]3)nc(N3CCCC[C@H]3CCO)nc21,321.0
CN(C)C(=O)c1ccc(Nc2ncc(C(F)(F)F)c(N[C@H]3CC[C@@H](N)CC3)n2)cc1,834.9
CN(C)C(=O)c1ccc2c(c1)/C(=N/Nc1ccc(S(N)(=O)=O)cc1)C(=O)N2,17.0
CN(C)C/C=C/C(=O)N1CCC(C(=O)Nc2ncc(SCc3ncc(C(C)(C)C)o3)s2)CC1,11.5
CN(C)C/C=C/C(=O)Nc1ccc(C(=O)N2CCCC(Nc3ncc(SCc4ncc(C(C)(C)C)o4)s3)C2)cc1,92.3
CN(C)C/C=C/C(=O)Nc1ccc(C(=O)N2CC[C@@H](Nc3ncc(SCc4ncc(C(C)(C)C)o4)s3)C2)cc1,11.9
CN(C)C/C=C/C(=O)Nc1ccc(C(=O)Nc2ncc(SCc3ncc(C(C)(C)C)o3)s2)cc1,7.8
CN(C)C/C=C/C(=O)Nc1ccc(S(=O)(=O)N2CCCC(Nc3ncc(SCc4ncc(C(C)(C)C)o4)s3)C2)cc1,689.0
CN(C)C/C=C/C(=O)Nc1cccc(C(=O)N2CCCC(Nc3ncc(SCc4ncc(C(C)(C)C)o4)s3)C2)c1,286.0
CN(C)C/C=C/C(=O)Nc1cccc(C(=O)Nc2cccc(Nc3ncc(Cl)c(-c4c[nH]c5ccccc45)n3)c2)c1,159.45
CN(C)C/C=C/C(=O)Nc1cccc(C(=O)Nc2ncc(SCc3ncc(C(C)(C)C)o3)s2)c1,29.0
CN(C)CC(O)COc1ccc(Nc2ncc(Br)c(N(CCCC(F)(F)F)c3ccccc3)n2)cc1,200.0
CN(C)CC(O)COc1ccc(Nc2ncc(Br)c(Nc3ccccc3)n2)cc1,300.0
CN(C)CC(O)COc1ccc(Nc2ncc(Cl)c(Nc3ccccc3)n2)cc1,500.0
CN(C)CC(O)COc1ccc(Nc2nccc(-c3cnn4nc(N5CCOCC5)ccc34)n2)cc1,450.0
CN(C)CC(O)COc1ccc(Nc2nccc(N(CC#N)c3cc(Cl)ccc3Cl)n2)cc1,700.0
CN(C)CC/C=C/C(=O)Nc1ccc(C(=O)N2CCCC(C(=O)Nc3ncc(SCc4ncc(C(C)(C)C)o4)s3)C2)cc1,23.3
CN(C)CCCN(C)S(=O)(=O)c1ccc(Nc2nccc(-c3cnc4ccccn34)n2)cc1,5.0
CN(C)CCNS(=O)(=O)c1ccc(-c2ccc(/C=C3\SC(=N)NC3=O)o2)cc1,570.0
CN(C)CCNS(=O)(=O)c1ccc(Nc2cccc(-c3cnc4ccccn34)c2)cc1,5.0
CN(C)CCNS(=O)(=O)c1ccc(Nc2nccc(-c3cnc4ccccn34)n2)cc1,5.0
CN(C)CCNS(=O)(=O)c1ccc(Nc2nccc(-c3cnc4cccnn34)n2)cc1,8.0
CN(C)CCOc1cc(F)c(C(=O)c2c(N)nc3ccc(C(=O)c4c(Cl)cccc4Cl)cn23)c(F)c1,984.0
CN(C)CCn1cc(-c2ccn3c(-c4ccc(C(N)=O)c(OCc5cccc(F)c5)c4)cnc3c2)cn1,370.0
CN(C)C[C@@H](OC(=O)N1Cc2c(NC(=O)C(C)(C)C)n[nH]c2C1(C)C)c1ccccc1,450.0
CN(C)Cc1ccc2ccc(Cl)c(C3=C(c4cn(C)c5ccccc45)C(=O)NC3=O)c2c1,220.0
CN(C)S(=O)(=O)c1ccc(N/C=C2\C(=O)Nc3ccc4ncsc4c32)cc1,4.6
CN(C)S(=O)(=O)c1ccc(Nc2cc(N[C@H]3CC[C@H](N)CC3)nc3c(Br)cnn23)cc1,10.0
CN(C)S(=O)(=O)c1ccc(Nc2cc(N[C@H]3CC[C@H](N)CC3)nc3c(Br)cnn23)cc1Cl,2.0
CN(C)S(=O)(=O)c1ccc(Nc2cc(N[C@H]3CC[C@H](N)CC3)nc3c(C#N)cnn23)cc1,7.0
CN(C)S(=O)(=O)c1ccc(Nc2cc(N[C@H]3CC[C@H](N)CC3)nc3c(C4CCCC4)cnn23)cc1,4.0
CN(C)S(=O)(=O)c1ccc(Nc2cc(N[C@H]3CC[C@H](N)CC3)nc3c(Cl)cnn23)cc1,8.0
CN(C)S(=O)(=O)c1ccc(Nc2cc(N[C@H]3CC[C@H](N)CC3)nc3ncnn23)cc1,120.0
CN(C)S(=O)(=O)c1ccc(Nc2ccc(C(=O)c3c(F)cccc3F)c(N)n2)cc1,500.0
CN(C)S(=O)(=O)c1ccc2c(c1)/C(=C/c1[nH]cc3c1CCNC3=O)C(=O)N2,68.0
CN(C)S(=O)(=O)c1ccc2c(c1)/C(=C/c1[nH]cc3c1CCOC3=O)C(=O)N2,33.0
CN(C)c1cc(-c2cc(N3C[C@H](O)[C@@H](O)C3)ccc2O)nc(N)n1,250.0
CN(C)c1ccc(CC(=O)Nc2n[nH]c3ccc(N4CCCS4(=O)=O)cc23)cc1,10.0
CN(C)c1ccc2c(c1)/C(=C/Nc1ccc(S(N)(=O)=O)cc1)C(=O)N2,310.0
CN(c1ccccn1)S(=O)(=O)c1ccc(N/C=C2\C(=O)Nc3ccc4ncsc4c32)cc1,5.6
CN1C/C=C/CCOc2cc(ccn2)-c2ccnc(n2)Nc2cccc(c2)C1,22.0
CN1C/C=C/CCOc2cccc(c2)-c2ccnc(n2)Nc2cccc(c2)C1,46.0
CN1C/C=C/CCn2ccc3ccc(cc32)-c2ccnc(n2)Nc2cccc(c2)C1,77.0
CN1C/C=C/COCc2ccc(o2)-c2ccnc(n2)Nc2cccc(c2)C1,320.0
CN1C/C=C/COCc2ccc(s2)-c2ccnc(n2)Nc2ccc(OCCN3CCCC3)c(c2)C1,710.0
CN1C/C=C/COCc2cncc(c2)-c2ccnc(n2)Nc2cccc(c2)C1,420.0
CN1CC([C@@H](NC(=O)c2ccc3cnccc3c2)c2ccc(Cl)c(Cl)c2)C1,360.0
CN1CCC(c2c(O)cc(O)c3c(=O)cc(-c4ccccc4Cl)oc23)[C@@H](O)C1,220.0
CN1CCC(c2c(O)cc(O)c3c2O/C(=C\c2ccc(S(N)(=O)=O)cc2)C3=O)CC1,30.0
CN1CCC(c2c(O)cc(O)c3c2O/C(=C\c2ccc([N+](=O)[O-])cc2)C3=O)CC1,310.0
CN1CCN(C(=O)c2ccc(Nc3ncc4cc5n(c4n3)C3(CCCC3)CNC5=O)nc2)CC1,136.0
CN1CCN(C(=O)c2ccc3c(c2)[nH]c2c(C(N)=O)ccc(-c4ccccc4F)c23)CC1,610.0
CN1CCN(CCC(=O)NS(=O)(=O)c2ccc(Nc3nc(N)n(C(=O)c4c(F)cccc4F)n3)cc2)CC1,266.0
CN1CCN(CCOc2cc(F)c(C(=O)c3c(N)nc4ccc(C(=O)c5c(Cl)cccc5Cl)cn34)c(F)c2)CC1,812.0
CN1CCN(Cc2ccc(-c3cnc4[nH]cc(-c5cnc6[nH]ccc6c5)c4c3)cc2)CC1,720.0
CN1CCN(Cc2ccc(NC(=O)c3n[nH]cc3Nc3ncnc4sccc34)cc2)CC1,9.1
CN1CCN(c2cc(-c3cc(N4C[C@H](O)[C@@H](O)C4)ccc3O)nc(N)n2)CC1,300.0
CN1CCN(c2cc(NCc3cccnc3)n3ncc(Br)c3n2)CC1,140.0
CN1CCN(c2ccc(Nc3cc(-c4c[nH]c5cnccc45)ncn3)cc2)CC1,577.0
CN1CCN(c2ccc(Nc3ncc(Cl)c(-c4c[nH]c5cnccc45)n3)cc2)CC1,20.0
CN1CCN(c2ccc(Nc3ncc4c(n3)-c3c(c(C(N)=O)nn3C)C(C)(C)C4)cc2)CC1,17.0
CN1CCN(c2ccc(Nc3ncc4c(n3)-c3c(c(C(N)=O)nn3C)CC4)cc2)CC1,2.0
CN1CCN(c2ccc(Nc3ncc4cc5n(c4n3)C3(CCCCC3)CNC5=O)nc2)CC1,1.665
CN1CCN(c2ccc(Nc3nccc(-c4cnn5ncccc45)n3)cc2)CC1,100.0
CN1CCN(c2ccc(Nc3nccc(-c4cnn5ncccc45)n3)cc2C(F)(F)F)CC1,4.0
CN1CCN(c2cccc(Nc3ncc4c(n3)-c3c(c(C(N)=O)nn3C)CC4)c2)CC1,1.0
CN1CCN(c2cccc3[nH]c(-c4n[nH]c5cc(-c6ccc(O)cc6)ccc45)nc23)CC1,13.3
CN1CC[C@@H](c2c(O)cc(O)c3c(=O)cc(-c4ccc(C(F)(F)F)cc4Cl)oc23)[C@@H]1CO,180.0
CN1CC[C@@H](c2c(O)cc(O)c3c(=O)cc(-c4ccccc4Cl)oc23)[C@@H](O)C1,170.0
CN1CC[C@H](c2c(O)cc(O)c3c(=O)cc(-c4ccccc4Cl)oc23)[C@H](O)C1,142.66666666666666
CN=S(C)(=O)c1ccc(Nc2ncc(Br)c(N[C@H](C)[C@@H](C)O)n2)cc1OC,4.0
CN=S(C)(=O)c1ccc(Nc2ncc(Br)c(N[C@H](C)[C@H](C)O)n2)cc1,7.0
CN=S(C)(=O)c1ccc(Nc2ncc(Br)c(N[C@H](C)[C@H](C)O)n2)cc1OC,6.0
CNC(=O)CN1CCC(Nc2ncc(Cl)c(-c3c[nH]c4ccccc34)n2)CC1,123.0
CNC(=O)CN1CCC[C@@H](Nc2ncc(Cl)c(-c3c[nH]c4ccccc34)n2)C1,612.0
CNC(=O)N=S(C)(=O)Cc1cccc(Nc2ncc(F)c(-c3ccc(F)cc3OC)n2)c1,430.0
CNC(=O)Nc1ccc(-c2cc(-c3ccnc(Nc4ccc(C)c(S(=O)(=O)N(C)C)c4)n3)ccn2)cc1,460.0
CNC(=O)Nc1ccc(-c2cc(-c3ccnc(Nc4ccc(C)c(S(=O)(=O)NC)c4)n3)ccn2)cc1,110.0
CNC(=O)Nc1ccc(-c2cc(-c3ccnc(Nc4ccc(Cl)c(S(=O)(=O)N(C)C)c4)n3)ccn2)cc1,520.0
CNC(=O)Nc1ccc(-c2cc(-c3ccnc(Nc4ccc(Cl)c(S(=O)(=O)NC)c4)n3)ccn2)cc1,140.0
CNC(=O)Nc1ccc(-c2cc(-c3ccnc(Nc4cccc(S(=O)(=O)NC)c4)n3)ccn2)cc1,100.0
CNC(=O)Nc1ccc(-c2cc(-c3ccnc(Nc4cccc(S(N)(=O)=O)c4)n3)ccn2)cc1,23.0
CNC(=O)c1ccc(Nc2ncc(F)c(-c3cnc(C)n3C(C)C)n2)cc1,3.0
CNC(=O)c1ccc(Nc2nccc(-c3cnc(C)n3C(C)C)n2)cc1,3.0
CNC(=O)c1ccc(Nc2nccc(-c3cnc(C)n3C3CCCC3)n2)cc1,2.0
CNC(=O)c1ccc(Nc2nccc(-c3cnc(C)n3CC3CC3)n2)cc1,42.0
CNC(=O)c1ccc(Nc2nccc(-c3cnc(C4CC4)n3C(C)C)n2)cc1,81.0
CNC(=O)c1ccc(Nc2nccc(-c3cnc(COC)n3C(C)C)n2)cc1,62.0
CNC(=O)c1nn(C)c2c1C(C)(C)Cc1cnc(Nc3ccc(CN(C)C)cc3)nc1-2,35.0
CNC(=O)c1nn(C)c2c1C(C)(C)Cc1cnc(Nc3ccc(CN4CCN(C)CC4)cc3)nc1-2,55.0
CNC(=O)c1nn(C)c2c1C(C)(C)Cc1cnc(Nc3ccc(CN4CCOCC4)cc3)nc1-2,36.0
CNC(=O)c1nn(C)c2c1C(C)(C)Cc1cnc(Nc3ccc(N(C)C)cc3)nc1-2,59.0
CNC(=O)c1nn(C)c2c1C(C)(C)Cc1cnc(Nc3ccc(N4CCN(C)CC4)cc3)nc1-2,124.5
CNC(=O)c1nn(C)c2c1C(C)(C)Cc1cnc(Nc3ccc(N4CCOCC4)cc3)nc1-2,137.0
CNC(=O)c1nn(C)c2c1C(C)(C)Cc1cnc(Nc3ccc(OC4CCN(C)CC4)cc3)nc1-2,29.0
CNC(=O)c1nn(C)c2c1C(C)(C)Cc1cnc(Nc3cccc(CN(C)C)c3)nc1-2,83.0
CNC(=O)c1nn(C)c2c1C(C)(C)Cc1cnc(Nc3cccc(CN4CCN(C)CC4)c3)nc1-2,59.0
CNC(=O)c1nn(C)c2c1C(C)(C)Cc1cnc(Nc3cccc(CN4CCOCC4)c3)nc1-2,160.0
CNC(=O)c1nn(C)c2c1C(C)(C)Cc1cnc(Nc3cccc(N(C)C)c3)nc1-2,220.0
CNC(=O)c1nn(C)c2c1C(C)(C)Cc1cnc(Nc3cccc(N4CCN(C)CC4)c3)nc1-2,31.0
CNC(=O)c1nn(C)c2c1C(C)(C)Cc1cnc(Nc3cccc(N4CCOCC4)c3)nc1-2,248.0
CNC(=O)c1nn(C)c2c1C(C)(C)Cc1cnc(Nc3cccc(OC4CCN(C)CC4)c3)nc1-2,47.0
CNC(=O)c1nn(C)c2c1CCc1cnc(Nc3ccc(N4CCN(C)CC4)cc3)nc1-2,45.0
CNC(=O)c1nn(C)c2c1CCc1cnc(Nc3ccccc3)nc1-2,19.0
CNCCN(C)C(=O)c1cc(Sc2cnc(Nc3cccc(Br)n3)s2)ccc1C,180.0
CNS(=O)(=O)Cc1ccc(N/C=C2\C(=O)Nc3ccc4ncsc4c32)cc1,26.0
CNS(=O)(=O)Cc1ccc(N/N=C2\C(=O)Nc3ccc4ncsc4c32)cc1,5.7
CNS(=O)(=O)c1ccc(-c2ccc(/C=C3\SC(=N)NC3=O)o2)cc1,120.0
CNS(=O)(=O)c1ccc(N/C=C2\C(=O)Nc3ccc4ncsc4c32)cc1,5.6
CNS(=O)(=O)c1ccc(N/C=C2\C(=O)Nc3ccccc32)cc1,560.0
CNS(=O)(=O)c1ccc(Nc2ncc3c(n2)N([C@@H](C)C2CC2)C(=O)C32CC2)cc1,460.0
CNS(=O)(=O)c1ccc(Nc2ncc3c(n2)N([C@@H]2CCC[C@@H](O)C2)C(=O)C32CC2)cc1,670.0
CNS(=O)(=O)c1ccc(Nc2ncc3c(n2)N([C@@H]2CCC[C@@]2(C)O)C(=O)C32CC2)cc1,350.0
CNS(=O)(=O)c1ccc(Nc2ncc3c(n2)N([C@H]2CCC[C@@H]2C)C(=O)C32CC2)cc1,230.0
CNS(=O)(=O)c1ccc(Nc2ncc3c(n2)N(c2cc(F)ccc2Cl)C(=O)C32CC2)cc1,460.0
CNS(=O)(=O)c1ccc2c(c1)/C(=C/c1[nH]cc3c1CCNC3=O)C(=O)N2,9.0
CNS(=O)(=O)c1ccc2c(c1)/C(=C/c1[nH]cc3c1CCOC3=O)C(=O)N2,4.0
CN[C@@H]1C[C@H]2O[C@@](C)([C@@H]1OC)n1c3ccccc3c3c4c(c5c6ccccc6n2c5c31)C(=O)NC4,1.652
CN[C@@H]1C[C@H]2O[C@@](C)([C@@H]1OC)n1c3ccccc3c3c4c(c5c6ccccc6n2c5c31)C(=O)N[C@H]4O,30.0
CN[C@H]1CCN(C(=O)c2ccc(Nc3ncc(F)c(-c4cnc(C)n4C(C)C)n3)cc2)C1,2.0
CN[C@H]1CCN(C(=O)c2ccc(Nc3nccc(-c4cnc(C)n4C(C)C)n3)cc2)C1,2.0
CNc1nc(C(=O)/C=C/c2ccc(OC)cc2)c(C)s1,780.0
CNc1ncc2c(-c3ccc(N4CCNCC4)cc3)nn(CC3CCC(N)CC3)c2n1,114.0
COC(=N)c1nc2ccc3ncnc(Nc4ccc(Cl)cc4Cl)c3c2s1,88.8
COC(=O)c1ccc2c(c1)/C(=C/Nc1ccc(S(N)(=O)=O)cc1)C(=O)N2,2.1
COC1CCN(c2nccc(Nc3cc(NC(=O)c4c(Cl)cccc4Cl)ccn3)n2)CC1,503.0
COC1CCN(c2nccc(Nc3cc4[nH]c(-c5cn[nH]c5)cc4cn3)n2)CC1,5.0
COC1CCN(c2nccc(Nc3cc4[nH]c(-c5cn[nH]c5)nc4cn3)n2)CC1,90.0
COC1CCN(c2nccc(Nc3cc4c(C(C)C)n[nH]c4cn3)n2)CC1,476.0
COC1CCN(c2nccc(Nc3cc4c(ccn4C(C)C)cn3)n2)CC1,80.0
COC1CCN(c2nccc(Nc3cc4c(ccn4C4CCCC4)cn3)n2)CC1,93.0
COC1CCN(c2nccc(Nc3cc4c(cn3)c(N)nn4C(C)C)n2)CC1,530.0
COC1CCN(c2nccc(Nc3cc4c(cn3)cc(-c3cn[nH]c3)n4C(C)C)n2)CC1,10.0
COCCCNS(=O)(=O)c1ccc(Nc2nccc(-c3cnc4ccccn34)n2)cc1,4.0
COCCN(C)S(=O)(=O)c1ccc(Nc2nccc(-c3cnc(C)n3C)n2)cc1,400.0
COCCN(C)S(=O)(=O)c1ccc(Nc2nccc(-c3cnc(C)n3C3CC3)n2)cc1,83.0
COCCN1CCN(Cc2ccc(-c3n[nH]c4c3C(=O)c3c(NC(=O)NN5CCOCC5)cccc3-4)cc2)CC1,3.0
COCCNS(=O)(=O)c1ccc(Nc2nccc(-c3c(C)nc(C)n3C)n2)cc1,68.0
COCCNS(=O)(=O)c1ccc(Nc2nccc(-c3cnc(C)n3C(C)C)n2)cc1,1.0
COCCNS(=O)(=O)c1ccc(Nc2nccc(-c3cnc(C)n3C)n2)cc1,8.0
COCCNS(=O)(=O)c1ccc(Nc2nccc(-c3cnc(C)n3CC(C)C)n2)cc1,15.0
COCCNS(=O)(=O)c1ccc(Nc2nccc(-c3cnc4ccc(Sc5ccccc5)cn34)n2)cc1,16.0
COCCNS(=O)(=O)c1ccc(Nc2nccc(-c3cnc4ccccn34)n2)cc1,12.0
COCCOC(=O)N=S(C)(=O)Cc1cc(F)cc(Nc2ncc(F)c(-c3ccc(F)cc3OC)n2)c1,330.0
COCCOCC(=O)NS(=O)(=O)c1ccc(Nc2nc(N)n(C(=O)c3c(F)cccc3F)n2)cc1,247.0
COCCOCCOCCOCCN(C)S(=O)(=O)c1ccc(N/C=C2\C(=O)Nc3ccc4ncsc4c32)cc1,1.0
COCCOCCOCCOCCNS(=O)(=O)c1ccc(N/C=C2\C(=O)Nc3ccc4ncsc4c32)cc1,4.5
COCCOc1ccc2cc1CN(C)C/C=C/COCc1ccc(s1)-c1ccnc(n1)N2,330.0
COCCS(=O)(=O)c1ccc(Nc2nccc(-c3cnc(C)n3C(C)C)n2)cc1,14.0
COC[C@@H](C)N[C@H]1CC[C@H](Nc2cc(-c3cccc(NCC4(C#N)CCOCC4)n3)c(Cl)cn2)CC1,706.0
COC[C@@H](C)Oc1nc(Nc2ccc(S(C)(=O)=O)cc2)ncc1C(F)(F)F,12.0
COC[C@@H](Nc1nc(Nc2ccc(S(C)(=N)=O)cc2)ncc1Br)[C@@H](C)O,4.0
COC[C@H](Nc1nc(Nc2ccc(S(C)(=N)=O)cc2)ncc1Br)[C@H](C)O,6.0
COCc1cc(C(=O)Nc2cc([C@H]3CC[C@@H](OC(=O)N(C)C(C)C)C3)[nH]n2)n(C)n1,100.0
CO[C@@H](C(=O)N1Cc2[nH]nc(NC(=O)c3ccc(N4CCN(C)CC4)cc3)c2C1)c1ccccc1,462.0
COc1c(O)cc2c3c(cc4ccc(O)cc4c13)NC2=O,140.0
COc1cc(-c2ccc3c(-c4nc5c(N6CCN(C)CC6)cccc5[nH]4)n[nH]c3c2)ccc1N,247.0
COc1cc(-c2ccc3c(-c4nc5c(N6CCN(C)CC6)cccc5[nH]4)n[nH]c3c2)ccc1O,4.1
COc1cc(-c2ccc[nH]2)c2c3c(ccc(F)c13)NC2=O,18.0
COc1cc(CC(=O)Nc2cc([C@H]3CC[C@@H](OC(=O)NC(C)C)C3)[nH]n2)ccn1,100.0
COc1cc(CNC(=O)c2ncoc2-c2ccc(OC)c(Cl)c2)ccn1,630.96
COc1cc(CS(C)(=N)=O)cc(Nc2ncc(F)c(-c3ccc(F)cc3OC)n2)c1,183.33333333333334
COc1cc(CS(C)(=O)=NC#N)cc(Nc2ncc(F)c(-c3ccc(F)cc3OC)n2)c1,130.0
COc1cc(F)c(C(=O)c2c(N)nc3ccc(C(=O)c4c(F)cccc4F)cn23)c(F)c1,91.0
COc1cc(F)c(C(=S)c2c(N)nc3ccc(C(=O)c4c(F)cccc4F)cn23)c(F)c1,29.0
COc1cc(F)ccc1-c1ccnc(NC(=O)C2CCC(NC(C)=O)C2)c1,913.0
COc1cc(F)ccc1-c1ccnc(NC(=O)[C@H]2CCC[C@@H](NC(C)=O)C2)c1,168.0
COc1cc(F)ccc1-c1ccnc2[nH]c(-c3ccc(CN4CCOCC4)cc3)cc12,240.0
COc1cc(F)ccc1-c1nc(Nc2cc(Br)cc(CS(C)(=N)=O)c2)ncc1F,105.33333333333333
COc1cc(F)ccc1-c1nc(Nc2cc(Br)cc(CS(C)(=O)=NC#N)c2)ncc1F,120.0
COc1cc(F)ccc1-c1nc(Nc2cc(C)cc(CS(C)(=O)=NC#N)c2)ncc1F,220.0
COc1cc(F)ccc1-c1nc(Nc2cc(CS(C)(=N)=O)cc(C(F)(F)C(F)(F)F)c2)ncc1F,230.0
COc1cc(F)ccc1-c1nc(Nc2cc(CS(C)(=N)=O)cc(C(F)(F)F)c2)ncc1F,180.0
COc1cc(F)ccc1-c1nc(Nc2cc(CS(C)(=O)=NC#N)cc(C(F)(F)C(F)(F)F)c2)ncc1F,630.0
COc1cc(F)ccc1-c1nc(Nc2cc(CS(C)(=O)=NC#N)cc(C(F)(F)F)c2)ncc1F,200.0
COc1cc(F)ccc1-c1nc(Nc2cc(Cl)cc(CS(C)(=N)=O)c2)ncc1F,180.0
COc1cc(F)ccc1-c1nc(Nc2cc(Cl)cc(CS(C)(=O)=NC#N)c2)ncc1F,160.0
COc1cc(F)ccc1-c1nc(Nc2cc(F)c(F)c(CS(C)(=N)=O)c2)ncc1F,186.66666666666666
COc1cc(F)ccc1-c1nc(Nc2cc(F)c(F)c(CS(C)(=O)=NC#N)c2)ncc1F,73.0
COc1cc(F)ccc1-c1nc(Nc2cc(F)cc(CS(=N)(=O)C3CC3)c2)ncc1F,456.6666666666667
COc1cc(F)ccc1-c1nc(Nc2cc(F)cc(CS(=O)(=NC#N)C3CC3)c2)ncc1F,250.0
COc1cc(F)ccc1-c1nc(Nc2cc(F)cc(CS(C)(=N)=O)c2)ncc1F,283.3333333333333
COc1cc(F)ccc1-c1nc(Nc2cccc(CS(=N)(=O)C3CC3)c2)ncc1F,410.0
COc1cc(F)ccc1-c1nc(Nc2cccc(CS(=O)(=NC#N)C3CC3)c2)ncc1F,220.0
COc1cc(F)ccc1-c1nc(Nc2cccc(CS(C)(=N)=O)c2)ncc1F,505.0
COc1cc(F)ccc1-c1nc(Nc2cccc(CS(C)(=O)=NC#N)c2)ncc1F,380.0
COc1cc(F)ccc1-c1ncnc(Nc2cccc(CS(C)(=N)=O)c2)n1,470.0
COc1cc(Nc2ncc(Br)c(N[C@H](C)C(C)(C)O)n2)ccc1S(C)(=N)=O,4.0
COc1cc(Nc2ncc(Br)c(N[C@H](C)[C@@H](C)O)n2)ccc1S(C)(=N)=O,4.0
COc1cc(Nc2ncc(Br)c(N[C@H](C)[C@H](C)O)n2)ccc1S(C)(=N)=O,3.5
COc1cc(Nc2ncc(Br)c(O[C@H](C)[C@H](C)O)n2)ccc1S(C)(=N)=O,8.0
COc1cc(Nc2ncc3c(C)nc(-c4ccccc4)n3n2)cc(OC)c1OC,230.0
COc1cc(Nc2nccc(-c3cnn4ncccc34)n2)cc(OC)c1,15.85
COc1cc(Nc2nccc(Nc3cnc4ccccc4c3)n2)cc(OC)c1OC,711.0
COc1cc(O)ccc1-c1ccc2c(-c3nc4c(N5CCN(C)CC5)cccc4[nH]3)n[nH]c2c1,102.0
COc1cc[nH]c1/C=C1\C(=O)Nc2ccc(F)c(C#C[C@@H](O)[C@@H](N)[C@@H](C)O)c21,3.0
COc1cc[nH]c1/C=C1\C(=O)Nc2ccc(F)c(C#C[C@@H]3CCCN3)c21,2.0
COc1ccc(-c2[nH]nc3c2C(=O)c2c(NC(=O)CN4CCN(C(=N)N)CC4)cccc2-3)cc1,13.0
COc1ccc(-c2[nH]nc3c2C(=O)c2c(NC(=O)NNC(=O)c4ccc(O)cc4)cccc2-3)cc1,9.0
COc1ccc(-c2cc(Nc3ccc(S(N)(=O)=O)cc3)[nH]n2)cc1F,407.0
COc1ccc(-c2n[nH]c3c2C(=O)c2c(C=O)cccc2-3)cc1,57.0
COc1ccc(-c2nc3c(NCC4CCNCC4)c(Br)cnc3[nH]2)cc1,135.0
COc1ccc(-c2nc3c(NCCCN(C)C(=O)C4CCC4)c(Br)cnc3[nH]2)cc1,187.0
COc1ccc(-c2nc3c(NCCCNC(=O)C4(CN)CC4)c(Br)cnc3[nH]2)cc1,70.0
COc1ccc(-c2nc3c(NCCCNC(=O)C4CC(O)C4)c(Br)cnc3[nH]2)cc1,345.0
COc1ccc(-c2nc3c(NCCCNC(C)=O)c(Br)cnc3[nH]2)cc1,370.0
COc1ccc(-c2nc3c(OCC4CCNCC4)c(Br)cnc3[nH]2)cc1,133.0
COc1ccc(-c2nc3cc(-c4csc(C(N)=O)c4)cnc3[nH]2)cc1,984.0
COc1ccc(-c2nn(-c3ccccc3)cc2C(=O)NC(=S)Nc2ccc(C)cc2)cc1,29.0
COc1ccc(-c2nn(-c3ccccc3)cc2C(=O)NC(=S)Nc2ccc(Cl)cc2)cc1,30.0
COc1ccc(-c2nn(-c3ccccc3)cc2C(=O)NC(=S)Nc2ccc(F)cc2)cc1,32.0
COc1ccc(-c2ocnc2C(=O)NCc2ccn3ccnc3c2)cc1Cl,501.19
COc1ccc(-c2ocnc2C(=O)NCc2ccnc(Cl)c2)cc1Cl,630.96
COc1ccc(-c2ocnc2C(=O)NCc2ccncc2)cc1,647.76
COc1ccc(-c2ocnc2C(=O)NCc2ccncc2)cc1Cl,501.19
COc1ccc(-c2ocnc2C(=O)NCc2ccncc2)cc1F,501.19
COc1ccc(-c2ocnc2C(=O)NCc2ccnnc2)cc1Cl,501.19
COc1ccc(C(=O)Nc2cc(C3CC3)[nH]n2)cc1,704.845
COc1ccc(C(=O)Nc2ncc(SCc3ncc(C(C)(C)C)o3)s2)cc1OC,50.0
COc1ccc(CC(=O)Nc2cc(C3CCC3)[nH]n2)cc1,44.0
COc1ccc(CN/C=C2\C(=O)NC(=O)c3ccc(I)cc32)cc1O,870.0
COc1ccc(F)cc1-c1c(F)cnc2[nH]c(C3=CCN([C@H]4CC[C@H](C(=O)O)CC4)CC3)cc12,328.0
COc1ccc(NC(=S)NC(=O)c2cn(-c3ccccc3)nc2-c2ccc(C)cc2)cc1,47.0
COc1ccc(NC(=S)NC(=O)c2cn(-c3ccccc3)nc2-c2ccc(Cl)cc2)cc1,37.0
COc1ccc(NC(=S)NC(=O)c2cn(-c3ccccc3)nc2-c2ccc(F)cc2)cc1,36.0
COc1ccc(NC(=S)NC(=O)c2cn(-c3ccccc3)nc2-c2ccc(OC)cc2)cc1,25.0
COc1ccc(NC(=S)NC(=O)c2cn(-c3ccccc3)nc2-c2ccccc2)cc1,56.0
COc1ccc(Nc2nc(N)c(N=O)c(OCC3CCCCC3)n2)cc1,220.0
COc1ccc(Nc2nccc(-c3cnc(C)n3C(C)C)n2)cc1,8.0
COc1ccc2c(-c3ccnc(Nc4cccc(OC(F)(F)F)c4)n3)cnn2n1,199.53
COc1ccc2c(c1)/C(=C/c1[nH]cc3c1CCNC3=O)C(=O)N2,250.0
COc1ccc2c(c1)/C(=C/c1[nH]cc3c1CCOC3=O)C(=O)N2,40.0
COc1ccc2c(c1)/C(=C/c1cnc[nH]1)C(=O)N2,55.666666666666664
COc1ccc2c(c1)/C(=N/NC(=O)c1cc3cc(Br)ccc3o1)C(=O)N2,53.0
COc1ccc2c(c1)/C(=N/Nc1ccc(S(N)(=O)=O)cc1)C(=O)N2,12.0
COc1ccc2c(c1Cl)/C(=N/Nc1ccc(S(N)(=O)=O)cc1)C(=O)N2,54.0
COc1ccc2nc3[nH]nc(C)c3c(OC)c2c1,20.0
COc1cccc(-c2cc(Nc3ccc(S(N)(=O)=O)cc3)[nH]n2)c1,24.5
COc1cccc(C(=O)Nc2cc(C3CC3)[nH]n2)c1,599.895
COc1cccc(CC(=O)Nc2cc(C3CC3)[nH]n2)c1,28.985
COc1cccc(F)c1C(=O)Nc1c[nH]nc1C(=O)NC1CCNCC1,350.0
COc1cccc(Nc2nccc(-c3cnn4ncccc34)n2)c1,1.995
COc1cccc(OC)c1C(=S)c1c(N)nc2ccc(C(=O)c3c(F)cccc3F)cn12,462.0
COc1cccc(OC)c1CNC(=O)c1ccc2c(c1)/C(=N/Nc1ccc(S(N)(=O)=O)cc1)C(=O)N2,1.7
COc1ccccc1C(=O)c1c(N)nc2ccc(C(=O)c3c(F)cccc3F)cn12,68.0
COc1ccccc1C(=O)c1ccc2nc(N)c(C(=O)c3c(F)cccc3F)n2c1,603.0
COc1cnc(CN/C=C2\C(=O)NC(=O)c3ccc(I)cc32)cc1O,500.0
COc1nn(C2CCN(C(C)=O)CC2)cc1Nc1ncc(Cl)c(-c2cnc3ccccn23)n1,494.0
COc1nn(C2CCN(C(C)=O)CC2)cc1Nc1ncc(Cl)c(-c2cnn3ccccc23)n1,361.0
CS(=N)(=O)Cc1cccc(Nc2ncc(F)c(-c3ccc(F)cc3OCc3ccc(F)cc3)n2)c1,770.0
CS(=N)(=O)Cc1cccc(Nc2ncc(F)c(-c3ccc(F)cc3OCc3ccccc3)n2)c1,536.6666666666666
CS(=N)(=O)Cc1cccc(Nc2ncc(F)c(-c3cccc4c3OCCC4)n2)c1,270.0
CS(=N)(=O)c1ccc(Nc2ncc(Br)c(Nc3ccccc3)n2)cc1,33.0
CS(=O)(=O)Cc1ccc(N/C=C2\C(=O)Nc3ccc4ncsc4c32)cc1,50.0
CS(=O)(=O)N1CCC(Nc2ncc3c(n2)N(C2CCCC2)C(=O)C32CC2)CC1,102.0
CS(=O)(=O)Nc1ccc(Nc2cc(-c3cccc(Br)c3)[nH]n2)cc1,602.0
CS(=O)(=O)Nc1cccc(-c2cc(Nc3ccc(S(N)(=O)=O)cc3)[nH]n2)c1,10.7
CS(=O)(=O)c1ccc(CC(=O)Nc2n[nH]c3ccc(N4CCCS4(=O)=O)cc23)cc1,22.0
CS(=O)(=O)c1ccc(N/C=C2\C(=O)Nc3ccc4ncsc4c32)cc1,5.7
CS(=O)(=O)c1ccc(Nc2cc(N[C@H]3CC[C@H](N)CC3)nc3ncnn23)cc1,250.0
CS(=O)(=O)c1ccc(Nc2ncc(C(F)(F)F)c(OC3CCCCC3)n2)cc1,480.0
CS(=O)(=O)c1ccc(Nc2ncc(C(F)(F)F)c(OCCC(F)(F)F)n2)cc1,94.0
CS(=O)(=O)c1ccc2c(c1)/C(=N/Nc1ccc(S(N)(=O)=O)cc1)C(=O)N2,16.0
CSc1ccc(CC(=O)Nc2n[nH]c3ccc(N4CCCS4(=O)=O)cc23)cc1,10.0
CSc1ccc(Nc2nc(N)c(N=O)c(OCC3CCCCC3)n2)cc1,120.0
CSc1ncc2c(n1)CCc1cnc(Nc3ccc(C(=O)N(C)CCN(C)C)cc3)nc1-2,90.0
C[C@@H](/C=C\C(F)(F)F)Oc1cc(-c2cc(-c3cc(CN(C)C)cs3)cnc2N)ccc1C(N)=O,530.0
C[C@@H](C(=O)Nc1cc(C2CC2)[nH]n1)c1ccc(N2CCNC2=O)cc1,454.995
C[C@@H](C(=O)Nc1cc(C2CC2)[nH]n1)c1ccc(N2Cc3ccccc3C2=O)cc1,169.91
C[C@@H](CO)Nc1nc(N)c(/[N+]([O-])=N/C#N)c(OCC2CCCCC2)n1,300.0
C[C@@H](CO)Nc1nc(N)c(N=O)c(OCC2CCCCC2)n1,160.0
C[C@@H](CO)Nc1ncc2c(n1)CN(C(=O)N[C@H](C)c1ccc(C(F)(F)F)c(F)c1)CC2,821.0
C[C@@H](CO)Nc1ncc2c(n1)CN(C(=O)N[C@H](C)c1ccc(Cl)c(Cl)c1)CC2,104.0
C[C@@H](NC(=O)N1CCc2cnc(NC3CCOCC3)nc2C1)c1ccc(Cl)c(F)c1,13.0
C[C@@H](NC(=O)N1CCc2cnc(NC3CCOCC3)nc2C1)c1ccc2cc[nH]c2c1,69.0
C[C@@H](NC(=O)N1CCc2cnc(N[C@H]3CCO[C@@H](CO)C3)nc2C1)c1ccc(Cl)c(Cl)c1,2.0
C[C@@H](NC(=O)N1CCc2cnc(Nc3ccnn3C)nc2C1)c1ccc(Cl)c(Cl)c1,23.0
C[C@@H](NC(=O)N1CCc2cnc(Nc3cnn(C)c3)nc2C1)c1ccc(Cl)c(Cl)c1,4.0
C[C@@H](Nc1nc(Nc2ccc(S(=N)(=O)C3CC3)cc2)ncc1Br)C(C)(C)O,8.0
C[C@@H](Nc1nc(Nc2ccc(S(=N)(=O)C3CCCC3)cc2)ncc1Br)C(C)(C)O,25.0
C[C@@H](Nc1nc(Nc2ccc(S(=N)(=O)CC3CC3)cc2)ncc1Br)C(C)(C)O,4.0
C[C@@H](Nc1nc(Nc2ccc(S(=N)(=O)CCO)cc2)ncc1Br)C(C)(C)O,4.0
C[C@@H](Nc1nc(Nc2ccc(S(=O)(CC=O)=NS(=O)(=O)CC[Si](C)(C)C)cc2)ncc1Br)C(C)(C)O,49.0
C[C@@H](Nc1nc(Nc2ccc(S(C)(=N)=O)cc2)ncc1Br)C(C)(C)O,6.0
C[C@@H](O)CN1CCN(c2ccc(Nc3ncc4cc5n(c4n3)C3(CCCC3)CNC5=O)nc2)C[C@@H]1C,789.0
C[C@@H](O)CN1CCN(c2ccc(Nc3ncc4cc5n(c4n3)C3(CCCCC3)CNC5=O)nc2)CC1,342.0
C[C@@H](O)[C@@H](C)Nc1nc(Nc2ccc(S(=N)(=O)CCO)cc2)ncc1Br,3.0
C[C@@H](O)[C@@H](C)Nc1nc(Nc2ccc(S(C)(=N)=O)cc2)ncc1Br,20.0
C[C@@H](O)[C@@H](C)Nc1nc(Nc2ccc([S@](=N)(=O)C3CC3)cc2)ncc1C(F)(F)F,9.0
C[C@@H](O)[C@@H](C)Oc1nc(Nc2ccc(S(=N)(=O)C3CC3)cc2)ncc1C(F)(F)F,8.0
C[C@@H](O)[C@@H](C)Oc1nc(Nc2ccc(S(=O)(=O)C(F)F)cc2)ncc1C(F)(F)F,12.0
C[C@@H](O)[C@@H](C)Oc1nc(Nc2ccc(S(=O)(=O)C3CC3)cc2)ncc1C(F)(F)F,11.0
C[C@@H](O)[C@@H](C)Oc1nc(Nc2ccc(S(=O)(=O)C3CCCC3)cc2)ncc1C(F)(F)F,21.0
C[C@@H](O)[C@@H](C)Oc1nc(Nc2ccc(S(=O)(=O)CCO)cc2)ncc1C(F)(F)F,3.0
C[C@@H](O)[C@@H](C)Oc1nc(Nc2ccc(S(=O)(=O)c3ccccc3)cc2)ncc1C(F)(F)F,36.0
C[C@@H](O)[C@@H](C)Oc1nc(Nc2ccc(S(C)(=O)=O)cc2)ncc1C(F)(F)F,6.0
C[C@@H](O)[C@@H](C)Oc1nc(Nc2ccc([S@](=N)(=O)C3CC3)cc2)ncc1C(F)(F)F,9.0
C[C@@H](Oc1nc(Nc2ccc(S(=O)(=O)C3CC3)cc2)ncc1C(F)(F)F)C(C)(C)O,21.0
C[C@@H](Oc1nc(Nc2ccc(S(C)(=O)=O)cc2)ncc1C(F)(F)F)C(C)(C)O,10.0
C[C@@H]1CCC[C@H]1N1C(=O)C2(CC2)c2cnc(Nc3ccc(S(=O)(=O)NCCO)cc3)nc21,770.0
C[C@@H]1CCC[C@H]1N1C(=O)C2(CC2)c2cnc(Nc3ccc(S(=O)(=O)N[C@@H]4CCCN(C)C4)cc3)nc21,44.0
C[C@@H]1CN(c2ccc(Nc3ncc4cc5n(c4n3)C3(CCCCC3)CNC5=O)nc2)C[C@H](C)N1C[C@@H](C)O,597.0
C[C@@H]1CNC[C@@H](C(=O)Nc2ncc(SCc3ncc(C(C)(C)C)o3)s2)C1,200.0
C[C@@H]1CNC[C@H](C(=O)Nc2ncc(SCc3ncc(C(C)(C)C)o3)s2)C1,20.0
C[C@@H]1C[C@H]2CN1CCn1nc3c(cccc3c1O)-c1nc3c(cccc3nc1O)O2,3.4
C[C@H](C(=O)Nc1cc(C2CC2)[nH]n1)c1ccc(N2CCCC2)cc1,79.99000000000001
C[C@H](C(=O)Nc1cc(C2CC2)[nH]n1)c1ccc(N2CCCC2=O)cc1,36.989999999999995
C[C@H](C(=O)Nc1cc(C2CC2)[nH]n1)c1ccc(N2CCN(C)C2=O)cc1,16.990000000000002
C[C@H](C(=O)Nc1cc(C2CC2)[nH]n1)c1ccc(N2CCNC2=O)cc1,2.0
C[C@H](C(=O)Nc1cc(C2CC2)[nH]n1)c1ccc(N2CCOC2=O)cc1,20.0
C[C@H](C(=O)Nc1cc(C2CC2)[nH]n1)c1ccc(N2Cc3ccccc3C2=O)cc1,2.0
C[C@H](C(=O)Nc1cc(C2CC2)[nH]n1)c1ccccc1,83.975
C[C@H](CO)Nc1nc(Nc2ccc(S(C)(=O)=NS(=O)(=O)CC[Si](C)(C)C)cc2)ncc1Br,390.0
C[C@H](CO)Nc1nc(Nc2ccc(S(N)(=O)=O)cc2)ncc1Br,4.0
C[C@H](Nc1nc(Nc2ccc(S(=N)(=O)CCO)cc2)ncc1Br)C(C)(C)O,4.0
C[C@H](Nc1nc(Nc2ccc(S(C)(=N)=O)cc2)ncc1Br)C(C)(C)O,2.0
C[C@H](O)CN1CCN(c2ccc(Nc3ncc4cc5n(c4n3)C3(CCCCC3)CNC5=O)nc2)C[C@@H]1C,616.0
C[C@H](O)CN1[C@H](C)CN(c2ccc(Nc3ncc4cc5n(c4n3)C3(CCCCC3)CNC5=O)nc2)C[C@@H]1C,647.0
C[C@H](O)[C@@H](C)Nc1nc(Nc2ccc(S(=N)(=O)CCO)cc2)ncc1Br,5.333333333333333
C[C@H](O)[C@@H](C)Nc1nc(Nc2ccc(S(=O)(CC=O)=NS(=O)(=O)CC[Si](C)(C)C)cc2)ncc1Br,130.0
C[C@H](O)[C@@H](C)Nc1nc(Nc2ccc(S(C)(=N)=O)cc2)ncc1Br,2.0
C[C@H](O)[C@@H](C)Oc1nc(Nc2ccc(S(=O)(CCO)=NS(=O)(=O)CC[Si](C)(C)C)cc2)ncc1Br,54.0
C[C@H](O)[C@@H](C)Oc1nc(Nc2ccc(S(C)(=N)=O)cc2)ncc1Br,10.0
C[C@H]1CC[C@@H](n2c3cnccc3c3cnc(Nc4ccc5c(n4)CCN(C(=O)CO)C5)nc32)CC1,375.0
C[C@H]1CN(c2ccc(Nc3ncc4cc5n(c4n3)C3(CCCCC3)CNC5=O)nc2)CCN1,915.0
C[C@H]1CNC[C@@H](C(=O)Nc2ncc(SCc3ncc(C(C)(C)C)o3)s2)C1,36.0
C[C@H]1CNC[C@H](C(=O)Nc2ncc(SCc3ncc(C(C)(C)C)o3)s2)C1,5.0
Cc1[nH]nc2c1N=C(c1ccccc1Cl)c1cc(N)ccc1N2,88.0
Cc1c(Br)c(=O)n(C2CCCC2)c2nc(Nc3ccc(N4CCNCC4)cc3)ncc12,439.0
Cc1c(C(=O)NCCc2ccc(F)cc2)[nH]c2cc(F)ccc12,34.0
Cc1c(C(=O)NCCc2ccc(N3CCCC3C)cc2)[nH]c2ccc(Cl)cc12,13.0
Cc1c(C(=O)NCCc2ccc(N3CCOCC3)cc2)[nH]c2ccc(Cl)cc12,23.0
Cc1c(Nc2ncc(Cl)c(-c3cnc4ccccn34)n2)cnn1C1CCNCC1,392.0
Cc1c([N+](=O)[O-])ccc2c1/C(=N/Nc1ccc(S(N)(=O)=O)cc1)C(=O)N2,4.6
Cc1cc(-c2cc(N3C[C@H](O)[C@@H](O)C3)ccc2O)nc(N)n1,42.0
Cc1cc(-c2ccc[nH]2)c2c3c(ccc(F)c13)NC2=O,376.0
Cc1cc(C)c(CNc2nc(N[C@@H](C)[C@@H](C)O)nc3c2ncn3C(C)C)cn1,5.0
Cc1cc(C)cc(Nc2nccc(-c3cnn4ncccc34)n2)c1,3.162
Cc1cc(CC(=O)Nc2cc(C3CC3)[nH]n2)ccc1-c1ccccc1,8.997499999999999
Cc1cc(CC(=O)Nc2cc([C@H]3CCC[C@@H](OC(=O)NC4(C)CC4)CC3)[nH]n2)on1,100.0
Cc1cc(CNC(=O)c2nn(C)c3c2CCc2cnc(Nc4ccc(N5CCN(C)CC5)cc4)nc2-3)ccn1,319.0
Cc1cc(CNC(=O)c2nn(CCCN)c3c2CCc2cnc(Nc4cccc(CC(=O)N(C)C)c4)nc2-3)ccn1,500.0
Cc1cc(CNc2ncc(Br)c(Nc3cc(C4CC4)[nH]n3)n2)on1,110.0
Cc1cc(N)c2oc(-c3ccc(O)c(O)c3)c(O)c(=O)c2c1,630.0
Cc1cc(N2C(=O)CN(C)C2=O)c2oc(-c3ccc(O)c(O)c3)c(O)c(=O)c2c1,56.0
Cc1cc(N2CCCS2(=O)=O)c2oc(-c3ccc(O)c(Br)c3)c(O)c(=O)c2c1,75.0
Cc1cc(N2CCCS2(=O)=O)c2oc(-c3ccc(O)c(Cl)c3)c(O)c(=O)c2c1,190.0
Cc1cc(N2CCCS2(=O)=O)c2oc(-c3ccc(O)c(O)c3)c(O)c(=O)c2c1,87.0
Cc1cc(N2CCCS2(=O)=O)c2oc(-c3ccc(O)cc3)c(O)c(=O)c2c1,250.0
Cc1cc(N2CCN(C)CC2)c2oc(-c3ccc(O)c(O)c3)c(O)c(=O)c2c1,640.0
Cc1cc(Nc2cnc(C#N)c(N[C@@H](C)c3ccc(F)cn3)n2)n[nH]1,30.0
Cc1cc(Nc2cnc(C#N)c(N[C@@H](C)c3ncc(F)cn3)n2)n[nH]1,50.0
Cc1cc(Nc2nc(N[C@@H](C)c3ccc(F)cn3)c(C#N)nc2C)n[nH]1,460.0
Cc1cc(Nc2nc(N[C@@H](C)c3ncc(F)cn3)c(C#N)nc2C)n[nH]1,410.0
Cc1cc(Nc2nc(Nc3ccccc3S(=O)(=O)C(C)C)c3c(C)[nH]nc3n2)c(OC(C)C)cc1C1CCN(C)CC1,920.0
Cc1cc(Nc2ncc(Br)c(N[C@@H](C)C(C)(C)O)n2)ccc1S(C)(=N)=O,7.0
Cc1cc(Nc2ncc(Br)c(N[C@H](C)C(C)(C)O)n2)ccc1S(C)(=N)=O,5.5
Cc1cc(Nc2ncc(Br)c(N[C@H](C)[C@H](C)O)n2)ccc1S(C)(=N)=O,4.0
Cc1cc(Nc2ncc(F)c(-c3cnc(C)n3C(C)C)n2)ccc1C(=O)N(C)C,9.0
Cc1cc(Nc2ncc3c(n2)CN(C(=O)N[C@H](C)c2ccc(Cl)c(Cl)c2)CC3)ccn1,9.0
Cc1cc2cc(-c3nnc(NC[C@@H](N)Cc4ccc(C(F)(F)F)cc4)s3)ccc2cn1,607.0
Cc1ccc(-c2nn(-c3ccccc3)cc2C(=O)NC(=S)Nc2ccc(Cl)cc2)cc1,63.0
Cc1ccc(-c2nn(-c3ccccc3)cc2C(=O)NC(=S)Nc2ccc(F)cc2)cc1,41.0
Cc1ccc(CC(=O)Nc2n[nH]c3ccc(N4CCCS4(=O)=O)cc23)cc1,7.0
Cc1ccc(Cl)c(N(CC#N)c2cc(Nc3ccc(OC[C@@H](O)CN(C)C)cc3)ncn2)c1,390.0
Cc1ccc(F)c(Nc2ccnc(Nc3ccc(S(N)(=O)=O)cc3)n2)c1,6.0
Cc1ccc(F)c(Nc2nccc(-c3ccc(S(N)(=O)=O)cc3)n2)c1,32.0
Cc1ccc(NC(=S)NC(=O)c2cn(-c3ccccc3)nc2-c2ccc(C)cc2)cc1,52.0
Cc1ccc(NC(=S)NC(=O)c2cn(-c3ccccc3)nc2-c2ccc(Cl)cc2)cc1,42.0
Cc1ccc(NC(=S)NC(=O)c2cn(-c3ccccc3)nc2-c2ccc(F)cc2)cc1,43.0
Cc1ccc(NC(=S)NC(=O)c2cn(-c3ccccc3)nc2-c2ccccc2)cc1,69.0
Cc1ccc(Sc2cnc(Nc3cccc(Br)n3)s2)cc1C(=O)N1CCN(C(=O)CN)CC1,540.0
Cc1ccc(Sc2cnc(Nc3cccc(Br)n3)s2)cc1C(=O)N1CCN(C(=O)[C@@H](C)N)CC1,230.0
Cc1ccc(Sc2cnc(Nc3cccc(Br)n3)s2)cc1C(=O)N1CCN(C(=O)[C@H](C)N)CC1,520.0
Cc1ccc2c(c1)/C(=N/Nc1ccc(S(N)(=O)=O)cc1)C(=O)N2,46.0
Cc1ccc2c(c1Cl)/C(=N/Nc1ccc(S(N)(=O)=O)cc1)C(=O)N2,13.0
Cc1cccc(C)c1NS(=O)(=O)c1ccc(N/C=C2\C(=O)Nc3ccc4ncsc4c32)cc1,281.0
Cc1cccc(CC(=O)Nc2n[nH]c3ccc(N4CCCS4(=O)=O)cc23)c1,10.0
Cc1cccc(Nc2nccc(-c3ccnc(N4CCOCC4)c3)n2)c1,46.0
Cc1cccc2c1/C(=C/c1[nH]cc3c1CCOC3=O)C(=O)N2,270.0
Cc1cnc(Nc2ccnn2C)nc1-c1cc2n(c1)C(=O)N([C@H](CO)c1cccc(Cl)c1)C2,99.4
Cc1cnc(OC2CCCCC2)nc1-c1cnc(Nc2ccccn2)s1,270.0
Cc1cnc2nc1-c1cccc(c1)OCC/C=C/CN(C)Cc1cccc(c1)N2,150.0
Cc1cnn2c(NCc3ccc[n+]([O-])c3)cc(N3CCCC[C@@H]3CCO)nc12,1.0
Cc1n[nH]c2ccc(-c3cc(N[C@@H](CO)c4ccccc4)cnc3Cl)cc12,163.95
Cc1n[nH]c2ccc(-c3cncc(NC(CO)c4ccccc4)n3)cc12,146.85
Cc1n[nH]c2ccc(-c3cncc(NC4CCCC(O)C4)n3)cc12,52.86
Cc1n[nH]c2ccc(-c3cncc(N[C@@H](CO)c4ccc(F)cc4)n3)cc12,56.13
Cc1n[nH]c2ccc(-c3cncc(N[C@@H](CO)c4cccc(F)c4)n3)cc12,34.48
Cc1n[nH]c2ccc(-c3cncc(N[C@@H](CO)c4ccccc4)n3)cc12,67.44
Cc1n[nH]c2ccc(-c3nnc(NC[C@@H](N)Cc4ccc(C(F)(F)F)cc4)s3)cc12,17.0
Cc1n[nH]c2ccc(-c3nnc(NC[C@@H](N)Cc4ccc(Cl)cc4)s3)cc12,72.0
Cc1n[nH]c2ccc(-c3nnc(NC[C@@H](N)Cc4ccc(Cl)cc4Cl)s3)cc12,70.0
Cc1n[nH]c2ccc(-c3nnc(NC[C@@H](N)Cc4ccc(F)c(F)c4)s3)cc12,19.0
Cc1n[nH]c2ccc(-c3nnc(NC[C@@H](N)Cc4cccc(C(F)(F)F)c4)s3)cc12,35.0
Cc1n[nH]c2ccc(-c3nnc(NC[C@@H](N)Cc4cccc(Cl)c4)s3)cc12,17.0
Cc1n[nH]c2ccc(-c3nnc(NC[C@@H](N)Cc4ccccc4)s3)cc12,72.0
Cc1n[nH]c2ccc(-c3nnc(NC[C@@H](N)Cc4ccccc4C(F)(F)F)s3)cc12,198.0
Cc1n[nH]c2ccc(-c3nnc(NC[C@@H](N)Cc4ccccc4Cl)s3)cc12,57.0
Cc1n[nH]c2ccc(-c3nnc(NC[C@@H](N)Cc4ccccc4F)s3)cc12,104.0
Cc1nc(Nc2c[nH]nc2C(=O)Nc2ccc(CN3CCN(C)CC3)cc2)c2cc(C(C)C)sc2n1,21.5
Cc1nc(Nc2c[nH]nc2C(=O)Nc2ccc(CN3CCOCC3)cc2)c2cc(C(C)C)sc2n1,25.4
Cc1nc(Nc2c[nH]nc2C(=O)Nc2ccc(N3CCNCC3)cc2)c2ccsc2n1,81.54
Cc1nc2ccc(-c3ccnc4[nH]c(C5CCN(CC(=O)N(C)C)CC5)cc34)cc2n1C(C)C,84.0
Cc1nc2ccccn2c1-c1ccnc(Nc2ccc(Cl)cc2)n1,620.0
Cc1nc2ccccn2c1-c1ccnc(Nc2ccc(OCC(O)CN(C)C)cc2)n1,14.333333333333334
Cc1nc2ccccn2c1-c1ccnc(Nc2ccc(S(N)(=O)=O)cc2)n1,38.0
Cc1nc2ccccn2c1-c1ccnc(Nc2cccc(Cl)c2)n1,150.0
Cc1nc2ccccn2c1-c1ccnc(Nc2ccccc2)n1,123.0
Cc1ncc(-c2ccnc(Nc3ccc(C(=O)N(C)C)c(F)c3)n2)n1C(C)C,6.0
Cc1ncc(-c2ccnc(Nc3ccc(C(=O)N(C)C)cc3)n2)n1C(C)C,8.0
Cc1ncc(-c2ccnc(Nc3ccc(C(=O)N4CCN(C)CC4)cc3)n2)n1C(C)C,9.0
Cc1ncc(-c2ccnc(Nc3ccc(C(=O)NC4CC4)cc3)n2)n1C(C)C,17.0
Cc1ncc(-c2ccnc(Nc3ccc(C(=O)NC4CCN(C)CC4)c(F)c3)n2)n1C(C)C,11.0
Cc1ncc(-c2ccnc(Nc3ccc(C(=O)NC4CCN(C)CC4)cc3)n2)n1C(C)C,37.0
Cc1ncc(-c2ccnc(Nc3ccc(C(=O)NCCN(C)C)c(F)c3)n2)n1C(C)C,3.0
Cc1ncc(-c2ccnc(Nc3ccc(C(=O)NCCO)cc3)n2)n1C(C)C,2.0
Cc1ncc(-c2ccnc(Nc3ccc(C(N)=O)cc3)n2)n1C(C)C,3.0
Cc1ncc(-c2ccnc(Nc3ccc(F)cc3)n2)n1C(C)C,3.0
Cc1ncc(-c2ccnc(Nc3ccc(N(C)C)cc3)n2)n1C(C)C,24.0
Cc1ncc(-c2ccnc(Nc3ccc(N4CCN(C(=O)CN(C)C)CC4)cc3)n2)n1C(C)C,16.0
Cc1ncc(-c2ccnc(Nc3ccc(N4CCN(C(=O)CO)CC4)cc3)n2)n1C(C)C,17.0
Cc1ncc(-c2ccnc(Nc3ccc(N4CCN(C(=O)[C@H](C)O)CC4)cc3)n2)n1C(C)C,17.0
Cc1ncc(-c2ccnc(Nc3ccc(N4CCN(S(=O)(=O)CCN(C)C)CC4)cc3)n2)n1C(C)C,3.0
Cc1ncc(-c2ccnc(Nc3ccc(N4CCOCC4)cc3)n2)n1C(C)C,9.0
Cc1ncc(-c2ccnc(Nc3ccc(S(=O)(=O)CC4CCCO4)cc3)n2)n1C(C)C,13.0
Cc1ncc(-c2ccnc(Nc3ccc(S(=O)(=O)CCCN(C)C)cc3)n2)n1C,295.0
Cc1ncc(-c2ccnc(Nc3ccc(S(=O)(=O)CCCN(C)C)cc3)n2)n1C(C)C,36.0
Cc1ncc(-c2ccnc(Nc3ccc(S(=O)(=O)CCCN4CCOCC4)cc3)n2)n1C(C)C,33.0
Cc1ncc(-c2ccnc(Nc3ccc(S(=O)(=O)Cc4ccccc4)cc3)n2)n1C(C)C,19.0
Cc1ncc(-c2ccnc(Nc3ccc(S(=O)(=O)NCCCOC(C)C)cc3)n2)n1C,6.0
Cc1ncc(-c2ccnc(Nc3ccc(S(=O)(=O)NCCN(C)C)cc3)n2)n1C,25.0
Cc1ncc(-c2ccnc(Nc3ccc(S(C)(=O)=O)cc3)n2)n1C(C)C,6.0
Cc1ncc(-c2ccnc(Nc3ccc(S(N)(=O)=O)cc3)n2)n1C,11.0
Cc1ncc(-c2nc(Nc3ccc(C(=O)N(C)C)c(F)c3)ncc2F)n1C(C)C,2.0
Cc1ncc(-c2nc(Nc3ccc(C(=O)N(C)C)cc3)ncc2F)n1C(C)C,2.0
Cc1ncc(-c2nc(Nc3ccc(C(=O)N4CCCN(C)CC4)cc3)ncc2F)n1C(C)C,2.0
Cc1ncc(-c2nc(Nc3ccc(C(=O)N4CCN(C)CC4)cc3)ncc2F)n1C(C)C,18.0
Cc1ncc(-c2nc(Nc3ccc(C(=O)N4CC[C@@H](N(C)C)C4)cc3)ncc2F)n1C(C)C,6.0
Cc1ncc(-c2nc(Nc3ccc(C(=O)N4CC[C@H](N(C)C)C4)cc3)ncc2F)n1C(C)C,2.0
Cc1ncc(-c2nc(Nc3ccc(C(=O)NC4CCN(C)CC4)c(F)c3)ncc2F)n1C(C)C,1.0
Cc1ncc(-c2nc(Nc3ccc(C(=O)NC4CCN(C)CC4)cc3)ncc2F)n1C(C)C,36.0
Cc1ncc(-c2nc(Nc3ccc(C(=O)NCCN(C)C)c(F)c3)ncc2F)n1C(C)C,2.0
Cc1ncc(-c2nc(Nc3ccc(N4CCC[C@H]4C(=O)N(C)C)cc3)ncc2F)n1C(C)C,46.0
Cc1ncc(-c2nc(Nc3ccc(N4CCN(C(=O)CO)CC4)cc3)ncc2F)n1C(C)C,6.0
Cc1ncc(-c2nc(Nc3ccc(N4CCOCC4)cc3)ncc2F)n1C(C)C,8.0
Cc1ncc(CC(=O)Nc2cc([C@H]3CC[C@@H](OC(=O)NC(C)C)C3)[nH]n2)s1,100.0
Cc1nn(C2CCN(C(=O)[C@@H](C)O)CC2)c(C)c1Nc1ncc(Cl)c(-c2cnn3ccccc23)n1,700.0
Cc1nn(C2CCNCC2)cc1Nc1ncc(Cl)c(-c2cnc3ccccn23)n1,392.0
Cc1nnc(-c2cccc(-c3cnn4ccc(NCCN)nc34)c2)o1,580.0
Cc1nnc2sc(-c3ccc(N)cc3)nn12,570.0
Cc1nnc2sc(Cc3sc(N)nc3O)nn12,250.0
Cc1sc(C(=O)N[C@@H]2[C@H](N)CCCC2(F)F)cc1-c1cnn2cc(Cl)cnc12,51.0
Cl.O=C(N[C@H]1CCCNC1)c1n[nH]cc1NC(=O)c1c(F)cccc1F,44.0
Clc1ccc(OCc2nnc3sc(SSc4nn5c(COc6ccc(Cl)cc6)nnc5s4)nn23)cc1,820.0
Clc1cccc(Nc2nccc(-c3ccnc(N4CCOCC4)c3)n2)c1,8.9
Clc1cccc(Nc2nccc(-c3cnc4ccccn34)n2)c1,5.0
Clc1cccc(Nc2nccc(-n3cnc4ccccc43)n2)c1,680.0
Clc1ccccc1-c1cc(NCc2cccnc2)n2ncc(Br)c2n1,3.0
Clc1ccccc1-c1cc(NCc2ccncc2)n2ncc(Br)c2n1,8.0
Cn1c(=O)[nH]c2ccc(-c3cnc(NC[C@@H](N)Cc4ccc(C(F)(F)F)cc4)s3)cc21,276.0
Cn1cc(-c2ccc(S(=O)(=O)N3CCC(Nc4ccc(C#N)cn4)CC3)cc2)cn1,10.0
Cn1cc(-c2cnc3c(-c4csc(C(=O)N[C@@H]5CCCC[C@@H]5N)c4)cnn3c2)cn1,2.2
Cn1cc(/C=C2\Oc3cccc(O)c3C2=O)c2c(-c3ccc(C(=O)NCCO)cc3)ccnc21,35.5
Cn1cc(C2=C(c3coc4cc(CO)ccc34)C(=O)NC2=O)c2cc(Br)ccc21,443.5
Cn1cc(C2=C(c3coc4cc(CO)ccc34)C(=O)NC2=O)c2cc(F)ccc21,237.0
Cn1cc(C2=C(c3coc4cc(CO)ccc34)C(=O)NC2=O)c2cccc(CO)c21,27.0
Cn1cc(C2=C(c3coc4ccccc34)C(=O)NC2=O)c2cccc(CO)c21,149.0
Cn1cc(Nc2ncc(C3CC3)c(NCCCNC(=O)C3CCC3)n2)cn1,110.0
Cn1cc(S(=O)(=O)N2CCC(Nc3ncc4c(n3)N([C@@H]3CCC[C@@H](O)C3)C(=O)C43CC3)CC2)cn1,316.0
Cn1ccc2cc(Nc3ncc(C(F)(F)F)c(N[C@H]4CC[C@@H](N)CC4)n3)ccc2c1=O,830.15
Cn1nc(C(=O)NC2CC2)c2c1-c1nc(Nc3ccccc3)ncc1CC2,81.0
Cn1nc(C(=O)NCCO)c2c1-c1nc(Nc3ccccc3)ncc1CC2,74.0
Cn1nc(C(=O)Nc2ccccc2)c2c1-c1nc(Nc3ccccc3)ncc1CC2,574.0
Cn1nc(C(N)=O)c2c1-c1nc(Nc3ccc(N4CCOCC4)cc3)ncc1CC2,14.0
Cn1nc(C(N)=O)c2c1-c1nc(Nc3ccccc3)ncc1CC2,2.0
Cn1nc(C(N)=O)c2c1-c1nc(Nc3ccccc3)ncc1CC2(C)C,24.0
FC(F)(F)c1cnc(Nc2ccc3[nH]cnc3c2)nc1Nc1ccccc1Cl,2.0
Fc1ccc(Nc2cc(NC3CCCNC3)nc3ccnn23)cc1Cl,700.0
Fc1ccc(Nc2nccc(-c3cnn4ncccc34)n2)cc1F,1.995
Fc1ccccc1-c1cc(NCc2cccnc2)n2ncc(Br)c2n1,11.0
Fc1ccccc1-c1cc(NCc2cccnc2)n2ncc(Cl)c2n1,21.0
Fc1ccccc1-c1cc(NCc2ccncc2)n2ncc(Br)c2n1,28.0
Fc1ccccc1-c1cc(NCc2ccncc2)n2ncc(Cl)c2n1,46.5
N#C/C=C(/c1ccc2nc(N)c(C(=O)c3c(F)cccc3F)n2c1)c1c(F)cccc1F,160.0
N#C/C=C(\c1ccc2nc(N)c(C(=O)c3c(F)cccc3F)n2c1)c1c(F)cccc1F,896.0
N#CCCc1cc(-c2ccc[nH]2)c2c3c(ccc(F)c13)NC2=O,5.0
N#CCNc1nc(Nc2ccccc2)ncc1Br,100.0
N#Cc1ccc(F)c(-c2c[nH]c(=O)c3cc(-c4ccncc4)sc23)c1,199.53
N#Cc1ccc(Nc2nccc(-c3cnn4ncccc34)n2)cc1,2.0
N#Cc1cccc(Nc2nccc(-c3cnn4ncccc34)n2)c1,2.0
N#Cc1cnn2c(NCc3ccncc3)cc(-c3ccccc3)nc12,620.0
N#Cc1cnn2c(Nc3ccc(F)c(Cl)c3)cc(N[C@H]3CC[C@H](N)CC3)nc12,4.0
N#Cc1cnn2cccnc12,370.0
N#Cc1cscc1-c1c[nH]c(=O)c2cc(-c3ccncc3)sc12,158.49
N=C(N)NS(=O)(=O)c1ccc(N/C=C2\C(=O)Nc3ccc4ncsc4c32)cc1,3.3
N=C(N)NS(=O)(=O)c1ccc(N/C=C2\C(=O)Nc3ccccc32)cc1,660.0
N=C1NC(=O)/C(=C/c2ccc(-c3ccc(S(N)(=O)=O)c(C(F)(F)F)c3)o2)S1,610.0
N=C1NC(=O)/C(=C/c2ccc(-c3ccc(S(N)(=O)=O)c(Cl)c3)o2)S1,570.0
N=C1NC(=O)/C(=C/c2ccc(-c3ccc(S(N)(=O)=O)cc3)o2)S1,180.0
N=c1[nH]c(=O)[nH]c2c1cnn2-c1ccc(S(N)(=O)=O)cc1,190.0
NC(=O)Cn1nc(C(N)=O)c2c1-c1nc(Nc3ccccc3)ncc1CC2,10.0
NC(=O)Nc1cccc2c1C(=O)c1c(-c3csc(Cl)c3)n[nH]c1-2,46.0
NC(=O)c1cc(F)c(C(=O)c2c(N)nc3ccc(C(=O)c4c(Cl)cccc4Cl)cn23)c(F)c1,46.0
NC(=O)c1ccc(C(=O)Nc2cc(C3CC3)[nH]n2)cc1,68.03999999999999
NC(=O)c1ccc(CC(=O)Nc2cc(C3CC3)[nH]n2)cc1,73.97999999999999
NC(=O)c1ccc(Nc2nc(N)c(N=O)c(OCC3CCCCC3)n2)cc1,34.0
NC(=O)c1ccc(Nc2nc(N[C@H]3CC[C@H](N)CC3)nc3c2ncn3C2CCCC2)cc1,4.0
NC(=O)c1ccc(Nc2nccc(-c3cnn4ncccc34)n2)cc1,16.0
NC(=O)c1ccc2c(c1)/C(=N/Nc1ccc(S(N)(=O)=O)cc1)C(=O)N2,4.5
NC(=O)c1nn(CC2CCNCC2)c2c1CCc1cnc(Nc3ccccc3)nc1-2,12.0
NCC(=O)NS(=O)(=O)c1ccc(Nc2nc(N)n(C(=O)c3c(F)cccc3F)n2)cc1,120.0
NCCCCNC(=O)c1ccc(CNc2nc(N[C@H]3CC[C@H](N)CC3)nc3c2ncn3C2CCCC2)cc1,27.0
NCCCCNC(=O)c1ccc(Nc2nc(N[C@H]3CC[C@H](N)CC3)nc3c2ncn3C2CCCC2)cc1,20.0
NCCCCNc1ccc(Nc2nc(N[C@H]3CC[C@H](N)CC3)nc3c2ncn3C2CCCC2)cc1,17.0
NCCCNCCCCNC(=O)c1ccc(CNc2nc(N[C@H]3CC[C@H](N)CC3)nc3c2ncn3C2CCCC2)cc1,25.0
NCCCNCCCCNC(=O)c1ccc(Nc2nc(N[C@H]3CC[C@H](N)CC3)nc3c2ncn3C2CCCC2)cc1,19.0
NCCCNCCCCNCCCNc1ccc(Nc2nc(N[C@H]3CC[C@H](N)CC3)nc3c2ncn3C2CCCC2)cc1,31.0
NCCCNCCCCNc1ccc(Nc2nc(N[C@H]3CC[C@H](N)CC3)nc3c2ncn3C2CCCC2)cc1,21.0
NCCCNc1cc(-c2ccc[nH]2)c2c3c(ccc(F)c13)NC2=O,48.0
NCCCc1cc(-c2ccc[nH]2)c2c3c(ccc(F)c13)NC2=O,7.0
NCCCn1nc(C(N)=O)c2c1-c1nc(Nc3ccccc3)ncc1CC2,1.0
NCCNc1cc(-c2ccc[nH]2)c2c3c(ccc(F)c13)NC2=O,12.0
NCCOc1cc(-c2ccc[nH]2)c2c3c(ccc(F)c13)NC2=O,12.0
NCCS(=O)(=O)c1cc(-c2ccc[nH]2)c2c3c(ccc(F)c13)NC2=O,23.0
NCCSc1cc(-c2ccc[nH]2)c2c3c(ccc(F)c13)NC2=O,3.0
NCC[S+]([O-])c1cc(-c2ccc[nH]2)c2c3c(ccc(F)c13)NC2=O,28.0
NCCn1cc(-c2cc(-c3cc4ccccc4s3)c3[nH]ncc3c2)c2nc(N)ncc21,140.0
NC[C@@H](CNc1cncc(-c2ccc3[nH]nc(NC(=O)c4ccccc4)c3c2)c1)c1ccccc1,190.0
NS(=O)(=O)Cc1ccc(N/C=C2\C(=O)Nc3ccc4ncsc4c32)cc1,7.5
NS(=O)(=O)c1ccc(/N=N/c2c(O)[nH]c3cccc(I)c23)cc1,4.6
NS(=O)(=O)c1ccc(N/C=C2\C(=O)Nc3cc(CO)ccc32)cc1,61.0
NS(=O)(=O)c1ccc(N/C=C2\C(=O)Nc3ccc(-c4cnco4)cc32)cc1,2.5
NS(=O)(=O)c1ccc(N/C=C2\C(=O)Nc3ccc(C(=O)O)cc32)cc1,28.0
NS(=O)(=O)c1ccc(N/C=C2\C(=O)Nc3ccc4ncccc4c32)cc1,1.5
NS(=O)(=O)c1ccc(N/C=C2\C(=O)Nc3ccc4ncsc4c32)cc1,2.8
NS(=O)(=O)c1ccc(N/C=C2\C(=O)Nc3cccc(CO)c32)cc1,54.0
NS(=O)(=O)c1ccc(N/C=C2\C(=O)Nc3ccccc32)cc1,690.0
NS(=O)(=O)c1ccc(N/N=C2\C(=O)Nc3cc(Br)ccc32)cc1,43.0
NS(=O)(=O)c1ccc(N/N=C2\C(=O)Nc3ccc(-c4cnco4)cc32)cc1,2.3
NS(=O)(=O)c1ccc(N/N=C2\C(=O)Nc3ccc(Br)cc32)cc1,60.0
NS(=O)(=O)c1ccc(N/N=C2\C(=O)Nc3ccc(C(=O)NCCCn4ccnc4)cc32)cc1,25.0
NS(=O)(=O)c1ccc(N/N=C2\C(=O)Nc3ccc(C(=O)NCCc4c[nH]cn4)cc32)cc1,12.0
NS(=O)(=O)c1ccc(N/N=C2\C(=O)Nc3ccc(C(=O)NCc4cccnc4)cc32)cc1,2.1
NS(=O)(=O)c1ccc(N/N=C2\C(=O)Nc3ccc(C(=O)NCc4ccncc4)cc32)cc1,8.9
NS(=O)(=O)c1ccc(N/N=C2\C(=O)Nc3ccc(Cl)cc32)cc1,39.75
NS(=O)(=O)c1ccc(N/N=C2\C(=O)Nc3ccc(F)cc32)cc1,34.0
NS(=O)(=O)c1ccc(N/N=C2\C(=O)Nc3ccc(I)cc32)cc1,11.0
NS(=O)(=O)c1ccc(N/N=C2\C(=O)Nc3ccc(O)cc32)cc1,10.0
NS(=O)(=O)c1ccc(N/N=C2\C(=O)Nc3ccc(S(=O)(=O)O)cc32)cc1,15.0
NS(=O)(=O)c1ccc(N/N=C2\C(=O)Nc3ccc(S(N)(=O)=O)cc32)cc1,43.0
NS(=O)(=O)c1ccc(N/N=C2\C(=O)Nc3ccc([N+](=O)[O-])cc32)cc1,15.0
NS(=O)(=O)c1ccc(N/N=C2\C(=O)Nc3ccc4[nH]nc(Cl)c4c32)cc1,2.2
NS(=O)(=O)c1ccc(N/N=C2\C(=O)Nc3ccc4[nH]ncc4c32)cc1,13.0
NS(=O)(=O)c1ccc(N/N=C2\C(=O)Nc3ccc4[nH]nnc4c32)cc1,9.5
NS(=O)(=O)c1ccc(N/N=C2\C(=O)Nc3ccc4ncccc4c32)cc1,1.6
NS(=O)(=O)c1ccc(N/N=C2\C(=O)Nc3ccc4ncsc4c32)cc1,7.1
NS(=O)(=O)c1ccc(N/N=C2\C(=O)Nc3cccc(-c4cc[nH]n4)c32)cc1,19.0
NS(=O)(=O)c1ccc(N/N=C2\C(=O)Nc3cccc(/C=C/c4ccc(O)cc4)c32)cc1,9.3
NS(=O)(=O)c1ccc(N/N=C2\C(=O)Nc3cccc(CCc4ccc(O)cc4)c32)cc1,12.0
NS(=O)(=O)c1ccc(N/N=C2\C(=O)Nc3cccc(CCc4ccncc4)c32)cc1,21.0
NS(=O)(=O)c1ccc(N/N=C2\C(=O)Nc3cccc(OCCc4ccncc4)c32)cc1,21.0
NS(=O)(=O)c1ccc(N/N=C2\C(=O)Nc3cccc(Oc4ccccc4)c32)cc1,13.0
NS(=O)(=O)c1ccc(N/N=C2\C(=O)Nc3ccccc32)cc1,120.0
NS(=O)(=O)c1ccc(NC(=O)c2n[nH]c3ccccc23)cc1,660.0
NS(=O)(=O)c1ccc(NC=C2C(=O)Nc3ccc4ncsc4c32)cc1,2.8
NS(=O)(=O)c1ccc(Nc2cc(-c3ccc(Br)cc3)[nH]n2)cc1,10.0
NS(=O)(=O)c1ccc(Nc2cc(-c3ccc(F)cc3)[nH]n2)cc1,17.4
NS(=O)(=O)c1ccc(Nc2cc(-c3ccc(O)c(F)c3)n[nH]2)cc1,12.6
NS(=O)(=O)c1ccc(Nc2cc(-c3ccc([N+](=O)[O-])cc3)[nH]n2)cc1,0.33
NS(=O)(=O)c1ccc(Nc2cc(-c3cccc(Br)c3)[nH]n2)cc1,23.4
NS(=O)(=O)c1ccc(Nc2cc(-c3cccc(N4CCOCC4)c3)[nH]n2)cc1,490.0
NS(=O)(=O)c1ccc(Nc2cc(-c3cccc(NC(=O)Nc4cc(C(F)(F)F)ccc4F)c3)[nH]n2)cc1,61.6
NS(=O)(=O)c1ccc(Nc2cc(-c3cccc(NS(=O)(=O)c4ccccc4)c3)[nH]n2)cc1,10.7
NS(=O)(=O)c1ccc(Nc2cc(-c3cccc(O)c3)n[nH]2)cc1,9.1
NS(=O)(=O)c1ccc(Nc2cc(NC3CCCCC3)nc3ncnn23)cc1,730.0
NS(=O)(=O)c1ccc(Nc2cc(N[C@H]3CC[C@H](N)CC3)nc3ncnn23)cc1,270.0
NS(=O)(=O)c1ccc(Nc2cc(OC3CCCCC3)nc3ncnn23)cc1,350.0
NS(=O)(=O)c1ccc(Nc2nc(OCC3CCCCC3)c3nc[nH]c3n2)cc1,65.04444444444444
NS(=O)(=O)c1ccc(Nc2ncc3c(n2)N(C2CCCC2)C(=O)C32CC2)cc1,4.9
NS(=O)(=O)c1ccc(Nc2nccc(-c3cnc4ccccn34)n2)cc1,1.5
NS(=O)(=O)c1ccc2c(c1)/C(=C/c1[nH]cc3c1CCOC3=O)C(=O)N2,12.0
NS(=O)(=O)c1cccc(Nc2cc(-c3ccc(F)cc3)n[nH]2)c1,871.0
NS(=O)(=O)c1cccc(Nc2nccc(-c3ccnc(N4C5CCC4COC5)c3)n2)c1,31.0
NS(=O)(=O)c1cccc(Nc2nccc(-c3ccnc(N4CC5CCC(C4)O5)c3)n2)c1,21.0
NS(=O)(=O)c1cccc(Nc2nccc(-c3ccnc(N4CCCCC4)c3)n2)c1,16.0
NS(=O)(=O)c1cccc(Nc2nccc(-c3ccnc(N4CCOCC4)c3)n2)c1,19.0
NS(=O)(=O)c1cccc(Nc2nccc(-c3ccnc(NCCCO)c3)n2)c1,6.7
N[C@@H](COc1cncc(-c2ccc3[nH]nc(NC(=O)c4ccccc4)c3c2)c1)Cc1ccccc1,499.0
N[C@H](C(=O)Nc1cc(C2CC2)[nH]n1)c1ccccc1,959.7
N[C@H](CCc1cc(-c2ccc3cnccc3c2)no1)Cc1ccc(C(F)(F)F)cc1,117.0
N[C@H](CNc1cc(-c2ccc3cnccc3c2)no1)Cc1ccc(C(F)(F)F)cc1,93.0
N[C@H](CNc1ncc(-c2ccc3[nH]c(=O)oc3c2)s1)Cc1ccc(C(F)(F)F)cc1,138.0
N[C@H](CNc1ncc(-c2ccc3[nH]c(=O)sc3c2)s1)Cc1ccc(C(F)(F)F)cc1,285.0
N[C@H](CNc1ncc(-c2ccc3c(c2)CC(=O)N3)s1)Cc1ccc(C(F)(F)F)cc1,185.0
N[C@H](CNc1ncc(-c2ccc3cnccc3c2)s1)Cc1ccc(C(F)(F)F)cc1,12.4
N[C@H](CNc1ncc(-c2ccc3cncnc3c2)s1)Cc1ccc(C(F)(F)F)cc1,136.0
N[C@H](CNc1ncc(-c2ccc3nnn(N)c3c2)s1)Cc1ccc(C(F)(F)F)cc1,55.3
N[C@H](CNc1nnc(-c2ccc3[nH]nc(-c4ccccc4)c3c2)s1)Cc1cccc(C(F)(F)F)c1,79.0
N[C@H](CNc1nnc(-c2ccc3[nH]nc(C4CC4)c3c2)s1)Cc1ccc(C(F)(F)F)cc1,135.0
N[C@H](CNc1nnc(-c2ccc3[nH]ncc3c2)s1)Cc1ccc(C(F)(F)F)cc1,24.0
N[C@H](CNc1nnc(-c2ccc3[nH]ncc3c2)s1)Cc1ccc(Cl)cc1,41.0
N[C@H](CNc1nnc(-c2ccc3[nH]ncc3c2)s1)Cc1ccc(Cl)cc1Cl,323.0
N[C@H](CNc1nnc(-c2ccc3[nH]ncc3c2)s1)Cc1ccc(F)cc1,74.0
N[C@H](CNc1nnc(-c2ccc3c(c2)CC(=O)N3)s1)Cc1ccc(C(F)(F)F)cc1,190.0
N[C@H](CNc1nnc(-c2ccc3cnccc3c2)o1)Cc1ccc(C(F)(F)F)cc1,348.0
N[C@H](CNc1nnc(-c2ccc3cnccc3c2)s1)Cc1ccc(C(F)(F)F)cc1,52.0
N[C@H](COc1cncc(-c2ccc3[nH]nc(NC(=O)c4ccccc4)c3c2)c1)Cc1ccccc1,97.0
N[C@H](COc1cncc(-c2ccc3[nH]nc(NC(=O)c4ccccc4)c3c2)c1)c1ccccc1,120.0
N[C@H](Cc1ccccc1)C(=O)Nc1cncc(-c2ccc3[nH]nc(NC(=O)c4ccccc4)c3c2)c1,550.0
N[C@H]1CC[C@H](NC(=O)c2n[nH]cc2NC(=O)c2c(F)cccc2F)CC1,38.0
N[C@H]1CC[C@H](Nc2cc(Nc3ccc(F)c(Cl)c3)n3ncc(Br)c3n2)CC1,3.4
N[C@H]1CC[C@H](Nc2cc(Nc3ccc(F)c(Cl)c3)n3ncc(Cl)c3n2)CC1,3.0
N[C@H]1CC[C@H](Nc2cc(Nc3ccc(F)c(Cl)c3)n3nccc3n2)CC1,55.0
N[C@H]1CC[C@H](Nc2cc(Nc3ccc(S(=O)(=O)c4ccccc4)cc3)n3ncc(Br)c3n2)CC1,16.0
N[C@H]1CC[C@H](Nc2cc(Nc3ccc(S(=O)(=O)c4ccccc4)cc3)n3ncnc3n2)CC1,260.0
N[C@H]1CC[C@H](Nc2cc(Nc3ccc(S(=O)(=O)c4cccs4)cc3)n3ncc(Cl)c3n2)CC1,11.0
N[C@H]1CC[C@H](Nc2cc(Nc3ccccc3Cl)n3nccc3n2)CC1,390.0
N[C@H]1CC[C@H](Nc2nc(NCc3ccccc3)c3ncn(C4CCCC4)c3n2)CC1,7.0
N[C@H]1CC[C@H](Nc2nc(Nc3ccccc3)c3ncn(C4CCCC4)c3n2)CC1,7.0
Nc1cc2cc(-c3cnc(NC[C@@H](N)Cc4ccc(C(F)(F)F)cc4)s3)ccc2cn1,15.4
Nc1ccc(-c2cc(Nc3ccc(S(N)(=O)=O)cc3)[nH]n2)cc1,0.34
Nc1ccc(-c2nn3c(COc4ccc(Cl)cc4)nnc3s2)cc1,330.0
Nc1ccc(CC(=O)Nc2n[nH]c3ccc(N4CCCS4(=O)=O)cc23)cc1,16.0
Nc1ccc2c(c1)/C(=N/Nc1ccc(S(N)(=O)=O)cc1)C(=O)N2,74.0
Nc1cccc(-c2cc(Nc3ccc(S(N)(=O)=O)cc3)[nH]n2)c1,166.0
Nc1cccc(-c2nc3c(NCCCNC(=O)C4CCC4)c(Br)cnc3[nH]2)c1,155.0
Nc1ccccc1NC(=O)/C=C/c1cccc(-c2ccc3ncnc(Nc4ccc(OCc5cccc(F)c5)c(Cl)c4)c3c2)c1,850.0
Nc1nc(-c2cc(N3C[C@H](O)[C@@H](O)C3)ccc2O)cc(C2CCCC2)n1,42.0
Nc1nc(-c2cc(N3C[C@H](O)[C@@H](O)C3)ccc2O)cc(C2CCCCC2)n1,52.0
Nc1nc(-c2cc(N3C[C@H](O)[C@@H](O)C3)ccc2O)cc(C2CCCCCC2)n1,90.0
Nc1nc(-c2cc(N3C[C@H](O)[C@@H](O)C3)ccc2O)cc(C2CCCNC2)n1,360.0
Nc1nc(-c2cc(N3C[C@H](O)[C@@H](O)C3)ccc2O)cc(C2CCNCC2)n1,200.0
Nc1nc(-c2cc(N3C[C@H](O)[C@@H](O)C3)ccc2O)cc(N2CCOCC2)n1,940.0
Nc1nc(N)c(N=O)c(=O)[nH]1,9.0
Nc1nc(NC2CCCC2)cc(-c2cc(N3C[C@H](O)[C@@H](O)C3)ccc2O)n1,15.0
Nc1nc(NC2CCCCC2)cc(-c2cc(N3C[C@H](O)[C@@H](O)C3)ccc2O)n1,60.0
Nc1nc(NCCN2CCOCC2)cc(-c2cc(N3C[C@H](O)[C@@H](O)C3)ccc2O)n1,450.0
Nc1nc(N[C@H]2CC3CCC2C3)sc1C(=O)c1ccccc1[N+](=O)[O-],233.0
Nc1nc(Nc2ccc(S(=O)(=O)NC(=O)CCC(=O)O)cc2)nn1C(=O)c1c(F)cccc1F,71.0
Nc1nc(Nc2ccc(S(=O)(=O)NC(=O)CCN3CCOCC3)cc2)nn1C(=O)c1c(F)cccc1F,118.0
Nc1nc(Nc2ccc(S(=O)(=O)NC(=O)[C@H](N)CO)cc2)nn1C(=O)c1c(F)cccc1F,140.0
Nc1nc(Nc2ccc(S(N)(=O)=O)cc2)ccc1C(=O)c1c(F)cccc1F,180.0
Nc1nc(Nc2ccc(S(N)(=O)=O)cc2)nc(OCC2CCCCC2)c1N=O,1.1
Nc1nc(Nc2ccc(S(N)(=O)=O)cc2)nn1C(=O)c1c(F)cccc1F,2.6666666666666665
Nc1nc(Nc2cccc(Br)c2)nc(OCC2CCCCC2)c1N=O,500.0
Nc1nc(Nc2cccnc2)sc1C(=O)c1ccccc1F,25.0
Nc1nc(O)c(Cc2nn3c(COc4ccc(Cl)cc4)nnc3s2)s1,180.0
Nc1nc2ccc(C(=O)c3c(Cl)cccc3Cl)cn2c1C(=O)c1c(F)cc(C(=O)O)cc1F,95.0
Nc1nc2ccc(C(=O)c3c(Cl)cccc3Cl)cn2c1C(=O)c1c(F)cc(O)cc1F,52.0
Nc1nc2ccc(C(=O)c3c(Cl)cccc3Cl)cn2c1C(=O)c1c(F)cccc1F,53.0
Nc1nc2ccc(C(=O)c3c(F)cccc3Cl)cc2n1Cc1c(F)cccc1F,33.0
Nc1nc2ccc(C(=O)c3c(F)cccc3Cl)cn2c1C(=O)c1c(F)cccc1F,33.0
Nc1nc2ccc(C(=O)c3c(F)cccc3F)cn2c1C(=O)c1c(Cl)cccc1Cl,121.0
Nc1nc2ccc(C(=O)c3c(F)cccc3F)cn2c1C(=O)c1c(F)cccc1Cl,102.0
Nc1nc2ccc(C(=O)c3c(F)cccc3F)cn2c1C(=O)c1c(F)cccc1F,122.0
Nc1nc2ccc(C(=O)c3c(F)cccc3F)cn2c1C(=O)c1ccccc1,324.0
Nc1nc2ccc(C(=O)c3c(F)cccc3F)cn2c1C(=O)c1cccs1,547.0
Nc1nc2ccc(C(=O)c3c(F)cccc3F)cn2c1C(=S)c1c(F)cccc1F,26.0
Nc1nc2ccc(C(=O)c3c(F)cccc3F)cn2c1C(=S)c1ccccc1,214.0
Nc1nc2ccc(C(=O)c3ccccc3Cl)cn2c1C(=O)c1c(F)cccc1F,428.0
Nc1nccc(-c2cc(N3CCOCC3)ccc2O)n1,790.0
Nc1nccc(-c2cc(N3C[C@H](O)[C@@H](O)C3)ccc2O)n1,21.0
Nc1nccc(-c2cc3c([nH]2)[C@@H](CCF)CNC3=O)n1,138.0
Nc1nccc(-c2ccc3c(N)n[nH]c3c2)n1,280.0
Nc1nccc(-n2cc(-c3cc[nH]n3)c3cnccc32)n1,550.0
Nc1nccc(-n2cc(-c3ccc(Cl)cc3)c3cnccc32)n1,60.0
Nc1nccc(-n2cc(-c3ccccc3)c3cnccc32)n1,310.0
Nc1nccc(-n2cc(-c3ccccc3Cl)c3cnccc32)n1,110.0
Nc1nccc(-n2cc(-c3cccnc3Cl)c3cnccc32)n1,310.0
Nc1nccc(-n2cc(-c3ccncc3)c3cnccc32)n1,160.0
Nc1nccc(-n2cc(-c3ccoc3)c3cnccc32)n1,100.0
Nc1nccc(-n2cc(C3=CCOCC3)c3cnccc32)n1,160.0
Nc1ncnc2c1c(-c1cccc(O)c1)cn2[C@H]1C[C@@H](CN2CCC2)C1,410.0
O=C(/C=C/c1ccc(-c2ccc3ncnc(Nc4ccc(OCc5cccc(F)c5)c(Cl)c4)c3c2)cc1)NO,850.0
O=C(/C=C/c1ccc(-c2ccc3ncnc(Nc4ccc(OCc5cccc(F)c5)c(Cl)c4)c3c2)o1)NO,440.0
O=C(/C=C/c1ccc(-c2ccc3ncnc(Nc4ccc(OCc5cccc(F)c5)c(Cl)c4)c3c2)s1)NO,440.0
O=C(/C=C/c1cccc(-c2ccc3ncnc(Nc4ccc(OCc5cccc(F)c5)c(Cl)c4)c3c2)c1)NO,920.0
O=C(CC1CNC(=O)c2cc(-c3cn[nH]c3)cn21)NCc1cccc(F)c1,60.0
O=C(CCCOc1ccc(CC(=O)Nc2cc(C3CCC3)[nH]n2)cc1)NCCCCNc1cccc2c1C(=O)N(C1CCC(=O)NC1=O)C2=O,155.0
O=C(CO)Nc1c[nH]nc1C(=O)Nc1ccc(F)cc1,730.0
O=C(Cc1ccc(-c2ccccc2)c(F)c1)Nc1cc(C2CC2)[nH]n1,3.9995000000000003
O=C(Cc1ccc(-c2ccccc2)cc1)Nc1cc(C2CC2)[nH]n1,55.989999999999995
O=C(Cc1ccc(-c2ccccc2)cc1)Nc1n[nH]c2ccc(N3CCCS3(=O)=O)cc12,14.0
O=C(Cc1ccc(-c2ccncc2)cc1)Nc1n[nH]c2ccc(N3CCCS3(=O)=O)cc12,30.0
O=C(Cc1ccc(B2C=CC=CN2)cc1)Nc1cc(C2CC2)[nH]n1,87.0
O=C(Cc1ccc(Br)cc1)Nc1n[nH]c2ccc(N3CCCS3(=O)=O)cc12,7.0
O=C(Cc1ccc(Cc2cccs2)cc1)Nc1cc(C2CC2)[nH]n1,2.9995000000000003
O=C(Cc1ccc(Cl)cc1)Nc1n[nH]c2ccc(N3CCCS3(=O)=O)cc12,10.0
O=C(Cc1ccc(F)cc1)Nc1n[nH]c2ccc(N3CCCS3(=O)=O)cc12,20.0
O=C(Cc1ccc(N2CCCCC2)cc1)Nc1n[nH]c2ccc(N3CCCS3(=O)=O)cc12,30.0
O=C(Cc1ccc(O)cc1)Nc1n[nH]c2ccc(N3CCCS3(=O)=O)cc12,9.0
O=C(Cc1ccc(OC(F)(F)F)cc1)Nc1cc(C2CC2)[nH]n1,66.995
O=C(Cc1ccc2ccccc2c1)Nc1cc(C2CC2)n[nH]1,37.0
O=C(Cc1ccc2ccccc2c1)Nc1n[nH]c2ccc(N3CCCS3(=O)=O)cc12,9.0
O=C(Cc1cccc(Br)c1)Nc1n[nH]c2ccc(N3CCCS3(=O)=O)cc12,7.0
O=C(Cc1cccc(Cl)c1)Nc1n[nH]c2ccc(N3CCCS3(=O)=O)cc12,10.0
O=C(Cc1cccc(F)c1)Nc1n[nH]c2ccc(N3CCCS3(=O)=O)cc12,10.0
O=C(Cc1cccc2ccccc12)Nc1n[nH]c2ccc(N3CCCS3(=O)=O)cc12,20.0
O=C(Cc1ccccc1)Nc1cc(C2CC2)[nH]n1,47.985
O=C(Cc1ccccc1)Nc1n[nH]c2ccc(N3CCCC3=O)cc12,170.0
O=C(Cc1ccccc1)Nc1n[nH]c2ccc(N3CCCS3(=O)=O)cc12,36.0
O=C(Cc1ccccc1Cl)Nc1n[nH]c2ccc(N3CCCS3(=O)=O)cc12,24.0
O=C(NC(=S)Nc1ccc(Cl)cc1)c1cn(-c2ccccc2)nc1-c1ccc(Cl)cc1,58.0
O=C(NC(=S)Nc1ccc(Cl)cc1)c1cn(-c2ccccc2)nc1-c1ccc(F)cc1,44.0
O=C(NC(=S)Nc1ccc(Cl)cc1)c1cn(-c2ccccc2)nc1-c1ccccc1,71.0
O=C(NC(=S)Nc1ccc(F)cc1)c1cn(-c2ccccc2)nc1-c1ccc(Cl)cc1,59.0
O=C(NC(=S)Nc1ccc(F)cc1)c1cn(-c2ccccc2)nc1-c1ccc(F)cc1,49.0
O=C(NC(=S)Nc1ccc(F)cc1)c1cn(-c2ccccc2)nc1-c1ccccc1,75.0
O=C(NC(=S)Nc1ccc(O)c(-c2nc3ccccc3s2)c1)c1ccc([N+](=O)[O-])cc1,700.0
O=C(NC1=NNC2=CC=CC21)C1CC1,5.0
O=C(NC1CC1)c1n[nH]c2cc(-c3ccc(O)cc3)c(Br)cc12,5.0
O=C(NC1CCCCC1)c1n[nH]cc1NC(=O)c1c(F)cccc1F,12.0
O=C(NC1CCNCC1)c1n[nH]cc1NC(=O)c1c(Cl)cccc1Cl,37.75
O=C(NC1CCNCC1)c1n[nH]cc1NC(=O)c1c(F)cc(F)cc1F,750.0
O=C(NC1CCNCC1)c1n[nH]cc1NC(=O)c1c(F)cccc1Cl,110.0
O=C(NC1CCNCC1)c1n[nH]cc1NC(=O)c1c(F)cccc1F,140.0
O=C(NCC(F)(F)F)c1cc(-c2cnn3cc(-c4ccc(OCCN5CCCCC5)cc4)cnc23)cs1,12.0
O=C(NCC1CC1)c1n[nH]cc1NC(=O)c1c(F)cccc1F,25.0
O=C(NCCCNc1c(Br)cnc2[nH]c(-c3ccc(OCCN4CCCCC4)cc3)nc12)C1CCC1,518.0
O=C(NCCCNc1nc(Nc2ccc(N3CCOCC3)cc2)ncc1C1CC1)C1CCC1,630.0
O=C(NO)c1ccc(-c2ccc3ncnc(Nc4ccc(OCc5cccc(F)c5)c(Cl)c4)c3c2)o1,460.0
O=C(NO)c1ccc(-c2ccc3ncnc(Nc4ccc(OCc5cccc(F)c5)c(Cl)c4)c3c2)s1,200.0
O=C(N[C@@H](c1ccc(Cl)c(Cl)c1)C1CNC1)c1ccc2cnccc2c1,680.0
O=C(N[C@H](CO)c1ccc(Cl)c(Cl)c1)N1CCc2cnc(NC3CCOCC3)nc2C1,11.0
O=C(N[C@H](CO)c1ccc(Cl)c(F)c1)N1CCc2cnc(NC3CCOCC3)nc2C1,10.0
O=C(N[C@H](CO)c1ccc(F)c(Cl)c1)N1CCc2cnc(NC3CCOCC3)nc2C1,16.0
O=C(N[C@H]1CC[C@H](O)CC1)c1n[nH]cc1NC(=O)c1c(F)cccc1F,19.0
O=C(Nc1c[nH]nc1-c1nc2cc(CN3CCOCC3)ccc2[nH]1)Nc1c(F)cccc1F,160.0
O=C(Nc1c[nH]nc1-c1nc2cc(CN3CCOCC3)ccc2[nH]1)c1ccccc1,140.0
O=C(Nc1c[nH]nc1-c1nc2ccc(CN3CCOCC3)cc2[nH]1)c1ccc(F)cc1,530.0
O=C(Nc1c[nH]nc1-c1nc2ccccc2[nH]1)c1ccccc1,52.0
O=C(Nc1c[nH]nc1C(=O)Nc1ccc(F)cc1)c1ccccc1,140.0
O=C(Nc1cc(C2CC2)[nH]n1)c1ccc(Br)cc1,33.980000000000004
O=C(Nc1cc(C2CC2)[nH]n1)c1ccc(Cl)c(Cl)c1,82.995
O=C(Nc1cc(C2CC2)[nH]n1)c1ccc(Cl)cc1,84.96000000000001
O=C(Nc1cc(C2CC2)[nH]n1)c1cccc(Br)c1,990.415
O=C(Nc1cc(C2CC2)[nH]n1)c1cccc(C(F)(F)F)c1,500.015
O=C(Nc1cc(C2CC2)n[nH]1)c1ccccc1,289.865
O=C(Nc1cc(C2CCC2)[nH]n1)c1ccc(Br)cc1,89.975
O=C(Nc1cc(C2CCCC2)[nH]n1)c1ccc(Br)cc1,50.0
O=C(Nc1cc(CN[C@H]2Cc3ccc(Cl)cc3C2)n[nH]1)Nc1cccc2c1[C@@H]1CCCN1C2=O,259.0
O=C(Nc1ccc(F)cc1)c1n[nH]cc1NC(=O)C1CCCCC1,90.0
O=C(Nc1ccc(F)cc1)c1n[nH]cc1NC(=O)c1c(F)cccc1F,3.0
O=C(Nc1cccc2c1C(=O)c1c(-c3ccc(C(=O)N4CCNCC4)s3)n[nH]c1-2)NN1CCOCC1,8.0
O=C(Nc1ccccc1F)Nc1c[nH]nc1-c1nc2cc(CN3CCOCC3)ccc2[nH]1,230.0
O=C(Nc1ccccn1)Nc1cccc2c1[C@H]1CCCN1C2=O,260.0
O=C(Nc1cccnc1)Nc1c[nH]nc1-c1nc2cc(CN3CCOCC3)ccc2[nH]1,160.0
O=C(Nc1n[nH]c2cc(-c3ccc(O)cc3)ccc12)C1CC1,5.0
O=C(Nc1n[nH]c2cc(-c3ccc[nH]3)ccc12)C1CC1,497.0
O=C(Nc1n[nH]c2cc(-c3ccco3)ccc12)C1CC1,631.0
O=C(Nc1n[nH]c2cc(-c3cccs3)ccc12)C1CC1,341.0
O=C(Nc1n[nH]c2cc(-c3ccsc3)ccc12)C1CC1,484.0
O=C(Nc1n[nH]c2ccc(-c3cncc(NC[C@@H](CO)Cc4ccccc4)c3)cc12)c1ccccc1,609.0
O=C(Nc1n[nH]c2ccc(-c3cncc(NC[C@@H](CO)c4ccccc4)c3)cc12)c1ccccc1,813.0
O=C(Nc1n[nH]c2ccc(-c3cncc(NC[C@@H](O)c4ccccc4)c3)cc12)c1ccccc1,802.0
O=C(Nc1n[nH]c2ccc(-c3cncc(NC[C@H](CO)c4ccccc4)c3)cc12)c1ccccc1,577.0
O=C(Nc1n[nH]c2ccc(-c3cncc(NC[C@H](O)c4ccccc4)c3)cc12)c1ccccc1,269.0
O=C(Nc1n[nH]c2nc(-c3ccc(O)c(Br)c3)ccc12)C1CC1,2.0
O=C(Nc1n[nH]c2nc(-c3ccc(O)c(Cl)c3)ccc12)C1CC1,2.0
O=C(Nc1n[nH]c2nc(-c3ccc(O)cc3)c(-c3ccccc3)cc12)C1CC1,5.0
O=C(Nc1n[nH]c2nc(-c3ccc(O)cc3)c(Br)cc12)C1CC1,5.0
O=C(Nc1n[nH]c2nc(-c3ccc(O)cc3)ccc12)C1CC1,13.0
O=C(Nc1n[nH]c2nc(-c3cccc(O)c3)ccc12)C1CC1,62.0
O=C(Nc1n[nH]c2nc(-c3cccs3)c(Br)cc12)C1CC1,639.0
O=C(Nc1ncnc2oc(-c3cccnc3)cc12)C1CC1,440.0
O=C(Nc1ncnc2oc(-c3cccnc3)cc12)C1CCCC1,450.0
O=C(O)c1ccc(C(=O)Nc2cc(C3CC3)[nH]n2)cc1,164.91
O=C(O)c1ccc(Nc2nccc(-c3cnn4ncccc34)n2)cc1,40.0
O=C1C(c2c(O)[nH]c3ccc(S(=O)(=O)O)cc23)=Nc2ccccc21,22.0
O=C1Cc2c([nH]c3ccc([N+](=O)[O-])cc23)-c2ccccc2N1,15.0
O=C1NC(=O)C2=C1c1cn(c3ccccc13)CCOCCOCCOCCn1cc2c2ccccc21,992.0
O=C1NC(=O)c2c1c1c3ccccc3n3c1c1c2c2ccccc2n1[C@H]1CC[C@@H]3O1,540.0
O=C1NCC2(CCCC2)n2c1cc1cnc(Nc3ccc(C(=O)N4CCN(CC5CC5)CC4)cn3)nc12,298.0
O=C1NCC2(CCCCC2)n2c1cc1cnc(Nc3ccc(C(=O)N4CCN(C5CCC5)CC4)cn3)nc12,155.0
O=C1NCC2(CCCCC2)n2c1cc1cnc(Nc3ccc(C(=O)N4CCNCC4)cn3)nc12,92.5
O=C1NCC2(CCCCC2)n2c1cc1cnc(Nc3ccc(N4CCC(N5CCOCC5)CC4)cn3)nc12,286.439
O=C1NCC2(CCCCC2)n2c1cc1cnc(Nc3ccc(N4CCN(C5CCC5)CC4)cn3)nc12,409.0
O=C1NCC2(CCCCC2)n2c1cc1cnc(Nc3ccc(N4CCN(CC5CC5)CC4)cn3)nc12,265.0
O=C1NCC2(CCCCC2)n2c1cc1cnc(Nc3ccc(N4CCNCC4)cn3)nc12,2.0549999999999997
O=C1NCCc2[nH]c(-c3ccncc3)cc21,240.0
O=C1Nc2cc3c(O)cccc3c3c4c(cc1c23)OCO4,35.0
O=C1Nc2ccc(-c3cnco3)cc2/C1=C/Nc1ccc2c(c1)CS(=O)(=O)C2,8.9
O=C1Nc2ccc(Br)cc2/C1=C/c1[nH]cc2c1CCNC2=O,530.0
O=C1Nc2ccc(Br)cc2/C1=C/c1[nH]cc2c1CCOC2=O,190.0
O=C1Nc2ccc(Br)cc2/C1=N/NC(=O)c1cc2cc(Br)ccc2o1,38.0
O=C1Nc2ccc(C(=O)O)cc2/C1=C/c1[nH]cc2c1CCNC2=O,68.0
O=C1Nc2ccc(C(=O)O)cc2/C1=C/c1[nH]cc2c1CCOC2=O,4.0
O=C1Nc2ccc(Cl)cc2/C1=C/c1[nH]cc2c1CCOC2=O,88.0
O=C1Nc2ccc(F)c3c(NCCO)cc(-c4ccc[nH]4)c1c23,54.0
O=C1Nc2ccc(F)c3c(OCCCO)cc(-c4ccc[nH]4)c1c23,18.0
O=C1Nc2ccc(F)c3c(OCCO)cc(-c4ccc[nH]4)c1c23,62.0
O=C1Nc2ccc(F)c3c(S(=O)(=O)CCO)cc(-c4ccc[nH]4)c1c23,15.0
O=C1Nc2ccc(F)c3c(SCCO)cc(-c4ccc[nH]4)c1c23,14.0
O=C1Nc2ccc(F)c3c(SC[C@@H]4CCCN4)cc(-c4ccc[nH]4)c1c23,18.0
O=C1Nc2ccc(F)c3c(S[C@H]4CCNC4)cc(-c4ccc[nH]4)c1c23,5.0
O=C1Nc2ccc(F)c3ccc(-c4ccc[nH]4)c1c23,204.0
O=C1Nc2ccc(F)cc2/C1=C/c1[nH]cc2c1CCNC2=O,300.0
O=C1Nc2ccc(F)cc2/C1=C/c1[nH]cc2c1CCOC2=O,82.0
O=C1Nc2ccc([N+](=O)[O-])cc2/C1=C1/Nc2ccc(O)cc2/C1=N\O,2.0
O=C1Nc2ccc3ncsc3c2/C1=C/Nc1ccc(CS(=O)(=O)NCCO)cc1,13.0
O=C1Nc2ccc3ncsc3c2/C1=C/Nc1ccc(S(=O)(=O)NCCO)cc1,4.7
O=C1Nc2ccc3ncsc3c2/C1=C/Nc1ccc(S(=O)(=O)NCCOCCO)cc1,6.27
O=C1Nc2ccc3ncsc3c2/C1=C/Nc1ccc(S(=O)(=O)NCCc2c[nH]cn2)cc1,3.6
O=C1Nc2ccc3ncsc3c2/C1=C/Nc1ccc(S(=O)(=O)NCc2ccccc2)cc1,5.6
O=C1Nc2ccc3ncsc3c2/C1=C/Nc1ccc(S(=O)(=O)N[n+]2ccc3ccccc3c2)cc1,9.5
O=C1Nc2ccc3ncsc3c2/C1=C/Nc1ccc(S(=O)(=O)Nc2ccccc2)cc1,4.3
O=C1Nc2ccc3ncsc3c2/C1=C/Nc1ccc(S(=O)(=O)Nc2ccccn2)cc1,9.85
O=C1Nc2ccc3ncsc3c2/C1=C/Nc1ccc2c(c1)CS(=O)(=O)C2,14.0
O=C1Nc2cccc(C3CCNCC3)c2/C1=C/c1[nH]cc2c1CCNC2=O,49.0
O=C1Nc2cccc(C3CCNCC3)c2/C1=C/c1[nH]cc2c1CCOC2=O,9.0
O=C1Nc2cccc(CCO)c2/C1=C/c1[nH]cc2c1CCNC2=O,340.0
O=C1Nc2cccc(CCO)c2/C1=C/c1[nH]cc2c1CCOC2=O,30.0
O=S1(=O)NCCCNc2nc(ncc2Br)Nc2cccc1c2,140.0
O=[N+]([O-])c1ccc(Nc2nccc(-c3cnn4ncccc34)n2)cc1,3.0
O=[N+]([O-])c1cccc(Nc2nccc(-c3cnn4ncccc34)n2)c1,0.3
O=c1[nH]cc(-c2ccc(N3CCOCC3)cc2)c2sc(-c3cn[nH]c3)cc12,251.19
O=c1c(Br)cc2cnc(Nc3ccc(N4CCNCC4)cc3)nc2n1C1CCCC1,43.0
O[C@H]1CC[C@H](c2n[nH]cc2-c2ccnc(NC3CCCC3)n2)CC1,590.0
Sc1nn2c(COc3ccc(Cl)cc3)nnc2s1,400.0
[2H]C([2H])([2H])NS(=O)(=O)c1ccc(Nc2ncc3c(n2)N([C@@H]2CCC[C@@H](O)C2)C(=O)C32CC2)cc1,642.0
[2H]C([2H])([2H])NS(=O)(=O)c1ccc(Nc2ncc3c(n2)N([C@@H]2CCC[C@@]2(C)O)C(=O)C32CC2)cc1,746.0
c1cc(Nc2nccc(-c3cnn4ncccc34)n2)cc(-c2cocn2)c1,3.0
c1cc2c(-c3ccnc4[nH]ccc34)c[nH]c2cn1,314.0
c1ccc(Nc2ncc(-c3ccnc(OC4CCCCC4)n3)s2)nc1,14.0
c1ccc(Nc2nccc(-c3cnn4ncccc34)n2)cc1,6.506
c1cnn2ncc(-c3ccnc(NC4CC4)n3)c2c1,120.0
c1cnn2ncc(-c3ccnc(Nc4ccc5c(c4)OCCO5)n3)c2c1,6.31
